Borreliella burgdorferi	139	Bacteria	Species
Borrelia hermsii	140	Bacteria	Species
Borrelia parkeri	141	Bacteria	Species
Borrelia turicatae	142	Bacteria	Species
Treponema denticola	158	Bacteria	Species
Treponema pallidum	160	Bacteria	Species
Treponema pectinovorum	164	Bacteria	Species
Leptospira interrogans	173	Bacteria	Species
Leptospira borgpetersenii	174	Bacteria	Species
Campylobacter coli	195	Bacteria	Species
Campylobacter fetus	196	Bacteria	Species
Campylobacter jejuni	197	Bacteria	Species
Campylobacter hyointestinalis	198	Bacteria	Species
Campylobacter concisus	199	Bacteria	Species
Campylobacter curvus	200	Bacteria	Species
Campylobacter lari	201	Bacteria	Species
Campylobacter mucosalis	202	Bacteria	Species
Campylobacter rectus	203	Bacteria	Species
Campylobacter showae	204	Bacteria	Species
Campylobacter sputorum	206	Bacteria	Species
Helicobacter pylori	210	Bacteria	Species
Helicobacter cinaedi	213	Bacteria	Species
Helicobacter fennelliae	215	Bacteria	Species
Brucella abortus	235	Bacteria	Species
Elizabethkingia meningoseptica	238	Bacteria	Species
Chryseobacterium balustinum	246	Bacteria	Species
Empedobacter brevis	247	Bacteria	Species
Chryseobacterium gleum	250	Bacteria	Species
Chryseobacterium indologenes	253	Bacteria	Species
Myroides odoratus	256	Bacteria	Species
Sphingobacterium spiritivorum	258	Bacteria	Species
Francisella tularensis	263	Bacteria	Species
Comamonas testosteroni	285	Bacteria	Species
Pseudomonas aeruginosa	287	Bacteria	Species
Burkholderia cepacia	292	Bacteria	Species
Brevundimonas diminuta	293	Bacteria	Species
Pseudomonas fluorescens	294	Bacteria	Species
Pseudomonas mendocina	300	Bacteria	Species
Pseudomonas oleovorans	301	Bacteria	Species
Pseudomonas putida	303	Bacteria	Species
Stutzerimonas stutzeri	316	Bacteria	Species
Ralstonia pickettii	329	Bacteria	Species
Burkholderia glumae	337	Bacteria	Species
Agrobacterium tumefaciens	358	Bacteria	Species
Acidomonas methanolica	437	Bacteria	Species
Legionella pneumophila	446	Bacteria	Species
Legionella bozemanae	447	Bacteria	Species
Legionella hackeliae	449	Bacteria	Species
Legionella longbeachae	450	Bacteria	Species
Legionella micdadei	451	Bacteria	Species
Legionella feeleii	453	Bacteria	Species
Legionella jordanis	456	Bacteria	Species
Legionella rubrilucens	458	Bacteria	Species
Fluoribacter dumoffii	463	Bacteria	Species
Fluoribacter gormanii	464	Bacteria	Species
Legionella maceachernii	466	Bacteria	Species
Acinetobacter baumannii	470	Bacteria	Species
Acinetobacter calcoaceticus	471	Bacteria	Species
Moraxella bovis	476	Bacteria	Species
Moraxella lacunata	477	Bacteria	Species
Moraxella nonliquefaciens	478	Bacteria	Species
Moraxella catarrhalis	480	Bacteria	Species
Neisseria cinerea	483	Bacteria	Species
Neisseria flavescens	484	Bacteria	Species
Neisseria gonorrhoeae	485	Bacteria	Species
Neisseria lactamica	486	Bacteria	Species
Neisseria meningitidis	487	Bacteria	Species
Neisseria mucosa	488	Bacteria	Species
Neisseria sicca	490	Bacteria	Species
Neisseria canis	493	Bacteria	Species
Neisseria elongata	495	Bacteria	Species
Neisseria macacae	496	Bacteria	Species
Psychrobacter immobilis	498	Bacteria	Species
Kingella denitrificans	502	Bacteria	Species
Kingella kingae	504	Bacteria	Species
Kingella oralis	505	Bacteria	Species
Alcaligenes faecalis	511	Bacteria	Species
Bordetella bronchiseptica	518	Bacteria	Species
Bordetella parapertussis	519	Bacteria	Species
Bordetella pertussis	520	Bacteria	Species
Bordetella avium	521	Bacteria	Species
Brucella anthropi	529	Bacteria	Species
Chromobacterium violaceum	536	Bacteria	Species
Eikenella corrodens	539	Bacteria	Species
Citrobacter koseri	545	Bacteria	Species
Citrobacter freundii	546	Bacteria	Species
Klebsiella aerogenes	548	Bacteria	Species
Pantoea agglomerans	549	Bacteria	Species
Enterobacter cloacae	550	Bacteria	Species
Pantoea ananatis	553	Bacteria	Species
Escherichia coli	562	Bacteria	Species
Escherichia coli_E	562	Bacteria	Species
Escherichia fergusonii	564	Bacteria	Species
Atlantibacter hermannii	565	Bacteria	Species
Pseudescherichia vulneris	566	Bacteria	Species
Hafnia alvei	569	Bacteria	Species
Klebsiella oxytoca	571	Bacteria	Species
Klebsiella pneumoniae	573	Bacteria	Species
Raoultella planticola	575	Bacteria	Species
Kluyvera cryocrescens	580	Bacteria	Species
Morganella morganii	582	Bacteria	Species
Proteus mirabilis	584	Bacteria	Species
Proteus vulgaris	585	Bacteria	Species
Providencia rettgeri	587	Bacteria	Species
Providencia stuartii	588	Bacteria	Species
Serratia liquefaciens	614	Bacteria	Species
Serratia marcescens	615	Bacteria	Species
Serratia odorifera	618	Bacteria	Species
Shigella boydii	621	Bacteria	Species
Shigella dysenteriae	622	Bacteria	Species
Shigella flexneri	623	Bacteria	Species
Shigella sonnei	624	Bacteria	Species
Yersinia enterocolitica	630	Bacteria	Species
Yersinia intermedia	631	Bacteria	Species
Yersinia pestis	632	Bacteria	Species
Yersinia pseudotuberculosis	633	Bacteria	Species
Yersinia bercovieri	634	Bacteria	Species
Edwardsiella tarda	636	Bacteria	Species
Aeromonas hydrophila	644	Bacteria	Species
Aeromonas salmonicida	645	Bacteria	Species
Aeromonas sobria	646	Bacteria	Species
Aeromonas caviae	648	Bacteria	Species
Aeromonas jandaei	650	Bacteria	Species
Aeromonas schubertii	652	Bacteria	Species
Aeromonas veronii	654	Bacteria	Species
Vibrio alginolyticus	663	Bacteria	Species
Vibrio cholerae	666	Bacteria	Species
Vibrio harveyi	669	Bacteria	Species
Vibrio parahaemolyticus	670	Bacteria	Species
Vibrio vulnificus	672	Bacteria	Species
Grimontia hollisae	673	Bacteria	Species
Vibrio mimicus	674	Bacteria	Species
Vibrio cincinnatiensis	675	Bacteria	Species
Vibrio fluvialis	676	Bacteria	Species
Plesiomonas shigelloides	703	Bacteria	Species
Aggregatibacter actinomycetemcomitans	714	Bacteria	Species
Actinobacillus pleuropneumoniae	715	Bacteria	Species
Actinobacillus suis	716	Bacteria	Species
Actinobacillus equuli	718	Bacteria	Species
Actinobacillus hominis	719	Bacteria	Species
Actinobacillus lignieresii	720	Bacteria	Species
Actinobacillus ureae	723	Bacteria	Species
Haemophilus haemolyticus	726	Bacteria	Species
Haemophilus influenzae	727	Bacteria	Species
Haemophilus parainfluenzae	729	Bacteria	Species
Haemophilus ducreyi	730	Bacteria	Species
Aggregatibacter aphrophilus	732	Bacteria	Species
Haemophilus parahaemolyticus	735	Bacteria	Species
Haemophilus paraphrohaemolyticus	736	Bacteria	Species
Aggregatibacter segnis	739	Bacteria	Species
Pasteurella multocida	747	Bacteria	Species
Pasteurella aerogenes	749	Bacteria	Species
Gallibacterium anatis	750	Bacteria	Species
Pasteurella bettyae	752	Bacteria	Species
Pasteurella canis	753	Bacteria	Species
Pasteurella dagmatis	754	Bacteria	Species
Rodentibacter pneumotropicus	758	Bacteria	Species
Pasteurella stomatis	760	Bacteria	Species
Bartonella bacilliformis	774	Bacteria	Species
Coxiella burnetii	777	Bacteria	Species
Rickettsia conorii	781	Bacteria	Species
Rickettsia prowazekii	782	Bacteria	Species
Rickettsia rickettsii	783	Bacteria	Species
Orientia tsutsugamushi	784	Bacteria	Species
Rickettsia typhi	785	Bacteria	Species
Rickettsia akari	786	Bacteria	Species
Rickettsia australis	787	Bacteria	Species
Bartonella quintana	803	Bacteria	Species
Bartonella elizabethae	807	Bacteria	Species
Chlamydia trachomatis	813	Bacteria	Species
Bacteroides fragilis	817	Bacteria	Species
Bacteroides thetaiotaomicron	818	Bacteria	Species
Bacteroides uniformis	820	Bacteria	Species
Phocaeicola vulgatus	821	Bacteria	Species
Parabacteroides distasonis	823	Bacteria	Species
Campylobacter gracilis	824	Bacteria	Species
Sebaldella termitidis	826	Bacteria	Species
Campylobacter ureolyticus	827	Bacteria	Species
Porphyromonas gingivalis	837	Bacteria	Species
Xylanibacter ruminicola	839	Bacteria	Species
Hoylesella loescheii	840	Bacteria	Species
Wolinella succinogenes	844	Bacteria	Species
Fusobacterium gonidiaformans	849	Bacteria	Species
Fusobacterium mortiferum	850	Bacteria	Species
Fusobacterium nucleatum	851	Bacteria	Species
Fusobacterium russii	854	Bacteria	Species
Fusobacterium varium	856	Bacteria	Species
Fusobacterium necrophorum	859	Bacteria	Species
Fusobacterium periodonticum	860	Bacteria	Species
Fusobacterium ulcerans	861	Bacteria	Species
Dichelobacter nodosus	870	Bacteria	Species
Desulfovibrio desulfuricans	876	Bacteria	Species
Nitratidesulfovibrio vulgaris	881	Bacteria	Species
Acidaminococcus fermentans	905	Bacteria	Species
Megasphaera elsdenii	907	Bacteria	Species
Ehrlichia canis	944	Bacteria	Species
Ehrlichia chaffeensis	945	Bacteria	Species
Ehrlichia ewingii	947	Bacteria	Species
Anaplasma phagocytophilum	948	Bacteria	Species
Anaplasma platys	949	Bacteria	Species
Neorickettsia sennetsu	951	Bacteria	Species
Herbaspirillum seropedicae	964	Bacteria	Species
Weeksella virosa	1014	Bacteria	Species
Bergeyella zoohelcum	1015	Bacteria	Species
Capnocytophaga gingivalis	1017	Bacteria	Species
Capnocytophaga ochracea	1018	Bacteria	Species
Capnocytophaga sputigena	1019	Bacteria	Species
Afipia clevelandensis	1034	Bacteria	Species
Afipia felis	1035	Bacteria	Species
Leuconostoc mesenteroides	1245	Bacteria	Species
Leuconostoc lactis	1246	Bacteria	Species
Peptoniphilus asaccharolyticus	1258	Bacteria	Species
Finegoldia magna	1260	Bacteria	Species
Peptostreptococcus anaerobius	1261	Bacteria	Species
Sarcina ventriculi	1267	Bacteria	Species
Micrococcus luteus	1270	Bacteria	Species
Kocuria varians	1272	Bacteria	Species
Kocuria rosea	1275	Bacteria	Species
Kytococcus sedentarius	1276	Bacteria	Species
Staphylococcus aureus	1280	Bacteria	Species
Staphylococcus epidermidis	1282	Bacteria	Species
Staphylococcus haemolyticus	1283	Bacteria	Species
Staphylococcus hyicus	1284	Bacteria	Species
Staphylococcus intermedius	1285	Bacteria	Species
Staphylococcus simulans	1286	Bacteria	Species
Staphylococcus xylosus	1288	Bacteria	Species
Staphylococcus hominis	1290	Bacteria	Species
Staphylococcus warneri	1292	Bacteria	Species
Staphylococcus gallinarum	1293	Bacteria	Species
Staphylococcus schleiferi	1295	Bacteria	Species
Mammaliicoccus sciuri	1296	Bacteria	Species
Streptococcus gordonii	1302	Bacteria	Species
Streptococcus oralis	1303	Bacteria	Species
Streptococcus salivarius	1304	Bacteria	Species
Streptococcus sanguinis	1305	Bacteria	Species
Streptococcus suis	1307	Bacteria	Species
Streptococcus mutans	1309	Bacteria	Species
Streptococcus sobrinus	1310	Bacteria	Species
Streptococcus agalactiae	1311	Bacteria	Species
Streptococcus pneumoniae	1313	Bacteria	Species
Streptococcus pyogenes	1314	Bacteria	Species
Streptococcus parasanguinis	1318	Bacteria	Species
Streptococcus acidominimus	1326	Bacteria	Species
Streptococcus anginosus	1328	Bacteria	Species
Streptococcus canis	1329	Bacteria	Species
Streptococcus criceti	1333	Bacteria	Species
Streptococcus dysgalactiae	1334	Bacteria	Species
Streptococcus equinus	1335	Bacteria	Species
Streptococcus equi	1336	Bacteria	Species
Streptococcus intermedius	1338	Bacteria	Species
Streptococcus porcinus	1340	Bacteria	Species
Streptococcus vestibularis	1343	Bacteria	Species
Streptococcus iniae	1346	Bacteria	Species
Streptococcus uberis	1349	Bacteria	Species
Enterococcus faecalis	1351	Bacteria	Species
Enterococcus faecium	1352	Bacteria	Species
Enterococcus gallinarum	1353	Bacteria	Species
Enterococcus hirae	1354	Bacteria	Species
Lactococcus garvieae	1363	Bacteria	Species
Aerococcus urinae	1376	Bacteria	Species
Aerococcus viridans	1377	Bacteria	Species
Gemella haemolysans	1379	Bacteria	Species
Atopobium minutum	1381	Bacteria	Species
Lancefieldella rimae	1383	Bacteria	Species
Bacillus anthracis	1392	Bacteria	Species
Brevibacillus brevis	1393	Bacteria	Species
Bacillus cereus	1396	Bacteria	Species
Niallia circulans	1397	Bacteria	Species
Heyndrickxia coagulans	1398	Bacteria	Species
Bacillus licheniformis	1402	Bacteria	Species
Bacillus mycoides	1405	Bacteria	Species
Paenibacillus polymyxa	1406	Bacteria	Species
Bacillus pumilus	1408	Bacteria	Species
Lysinibacillus sphaericus	1421	Bacteria	Species
Bacillus subtilis	1423	Bacteria	Species
Bacillus thuringiensis	1428	Bacteria	Species
Paenibacillus amylolyticus	1451	Bacteria	Species
Paraclostridium bifermentans	1490	Bacteria	Species
Clostridium botulinum	1491	Bacteria	Species
Clostridium butyricum	1492	Bacteria	Species
Clostridioides difficile	1496	Bacteria	Species
Hathewaya histolytica	1498	Bacteria	Species
Clostridium perfringens	1502	Bacteria	Species
Clostridium septicum	1504	Bacteria	Species
Paraclostridium sordellii	1505	Bacteria	Species
Clostridium sporogenes	1509	Bacteria	Species
Clostridium tetani	1513	Bacteria	Species
Clostridium innocuum	1522	Bacteria	Species
Clostridium cadaveris	1529	Bacteria	Species
Clostridium carnis	1530	Bacteria	Species
Clostridium fallax	1533	Bacteria	Species
Clostridium novyi	1542	Bacteria	Species
Thomasclavelia ramosa	1547	Bacteria	Species
Clostridium tertium	1559	Bacteria	Species
Clostridium baratii	1561	Bacteria	Species
Lactobacillus acidophilus	1579	Bacteria	Species
Weissella confusa	1583	Bacteria	Species
Lactobacillus delbrueckii	1584	Bacteria	Species
Lactiplantibacillus plantarum	1590	Bacteria	Species
Lactobacillus gasseri	1596	Bacteria	Species
Listeria ivanovii	1638	Bacteria	Species
Listeria monocytogenes	1639	Bacteria	Species
Listeria seeligeri	1640	Bacteria	Species
Listeria grayi	1641	Bacteria	Species
Listeria innocua	1642	Bacteria	Species
Listeria welshimeri	1643	Bacteria	Species
Erysipelothrix rhusiopathiae	1648	Bacteria	Species
Alloiococcus otitis	1652	Bacteria	Species
Actinomyces naeslundii	1655	Bacteria	Species
Actinomyces viscosus	1656	Bacteria	Species
Actinomyces bovis	1658	Bacteria	Species
Actinomyces israelii	1659	Bacteria	Species
Schaalia odontolytica	1660	Bacteria	Species
Trueperella pyogenes	1661	Bacteria	Species
Bifidobacterium dentium	1689	Bacteria	Species
Cellulosimicrobium cellulans	1710	Bacteria	Species
Oerskovia turbata	1713	Bacteria	Species
Corynebacterium diphtheriae	1717	Bacteria	Species
Corynebacterium pseudotuberculosis	1719	Bacteria	Species
Corynebacterium xerosis	1725	Bacteria	Species
Eubacterium limosum	1736	Bacteria	Species
Paraclostridium tenue	1737	Bacteria	Species
Cutibacterium acnes	1747	Bacteria	Species
Arachnia propionica	1750	Bacteria	Species
Mycobacterium avium	1764	Bacteria	Species
Mycobacterium tuberculosis variant bovis	1765	Bacteria	Species
Mycolicibacterium fortuitum	1766	Bacteria	Species
Mycobacterium intracellulare	1767	Bacteria	Species
Mycobacterium kansasii	1768	Bacteria	Species
Mycobacterium leprae	1769	Bacteria	Species
Mycolicibacterium smegmatis	1772	Bacteria	Species
Mycobacterium tuberculosis	1773	Bacteria	Species
Mycobacteroides chelonae	1774	Bacteria	Species
Mycolicibacterium flavescens	1776	Bacteria	Species
Mycobacterium gastri	1777	Bacteria	Species
Mycobacterium gordonae	1778	Bacteria	Species
Mycobacterium malmoense	1780	Bacteria	Species
Mycobacterium marinum	1781	Bacteria	Species
Mycolicibacter nonchromogenicus	1782	Bacteria	Species
Mycobacterium scrofulaceum	1783	Bacteria	Species
Mycobacterium simiae	1784	Bacteria	Species
Mycobacterium szulgai	1787	Bacteria	Species
Mycolicibacter terrae	1788	Bacteria	Species
Mycobacterium xenopi	1789	Bacteria	Species
Mycobacterium asiaticum	1790	Bacteria	Species
Mycolicibacterium gadium	1794	Bacteria	Species
Mycolicibacterium neoaurum	1795	Bacteria	Species
Mycolicibacterium senegalense	1796	Bacteria	Species
Mycolicibacterium thermoresistibile	1797	Bacteria	Species
Mycolicibacillus trivialis	1798	Bacteria	Species
Mycolicibacterium farcinogenes	1802	Bacteria	Species
Mycobacterium tuberculosis variant microti	1806	Bacteria	Species
Mycobacterium ulcerans	1809	Bacteria	Species
Nocardia otitidiscaviarum	1823	Bacteria	Species
Nocardia asteroides	1824	Bacteria	Species
Rhodococcus fascians	1828	Bacteria	Species
Rhodococcus rhodochrous	1829	Bacteria	Species
Rhodococcus erythropolis	1833	Bacteria	Species
Saccharomonospora viridis	1852	Bacteria	Species
Dermatophilus congolensis	1863	Bacteria	Species
Streptomyces albus	1888	Bacteria	Species
Streptomyces bikiniensis	1896	Bacteria	Species
Streptomyces cacaoi	1898	Bacteria	Species
Streptomyces griseus	1911	Bacteria	Species
Streptomyces thermovulgaris	1934	Bacteria	Species
Actinomadura madurae	1993	Bacteria	Species
Nocardiopsis dassonvillei	2014	Bacteria	Species
Curtobacterium flaccumfaciens	2035	Bacteria	Species
Tropheryma whipplei	2039	Bacteria	Species
Rothia dentocariosa	2047	Bacteria	Species
Mobiluncus curtisii	2051	Bacteria	Species
Mobiluncus mulieris	2052	Bacteria	Species
Gordonia bronchialis	2054	Bacteria	Species
Gordonia terrae	2055	Bacteria	Species
Tsukamurella paurometabola	2061	Bacteria	Species
Pseudonocardia autotrophica	2074	Bacteria	Species
Mycoplasmopsis arginini	2094	Bacteria	Species
Mycoplasmoides genitalium	2097	Bacteria	Species
Metamycoplasma hominis	2098	Bacteria	Species
Mycoplasmoides pneumoniae	2104	Bacteria	Species
Mycoplasmopsis fermentans	2115	Bacteria	Species
Metamycoplasma orale	2121	Bacteria	Species
Mycoplasmoides pirum	2122	Bacteria	Species
Metamycoplasma salivarium	2124	Bacteria	Species
Ureaplasma urealyticum	2130	Bacteria	Species
Spiroplasma apis	2137	Bacteria	Species
Gardnerella vaginalis	2702	Bacteria	Species
Cardiobacterium hominis	2718	Bacteria	Species
Vagococcus fluvialis	2738	Bacteria	Species
Peptococcus niger	2741	Bacteria	Species
Pneumocystis carinii	4754	Eukarya	Species
Meyerozyma guilliermondii	4929	Eukarya	Species
Histoplasma capsulatum	5037	Eukarya	Species
Blastomyces dermatitidis	5039	Eukarya	Species
Aspergillus flavus	5059	Eukarya	Species
Aspergillus niger	5061	Eukarya	Species
Fusarium fujikuroi	5127	Eukarya	Species
Cryptococcus neoformans	5207	Eukarya	Species
Cryptococcus depauperatus	5208	Eukarya	Species
Candida albicans	5476	Eukarya	Species
Nakaseomyces glabratus	5478	Eukarya	Species
Candida tropicalis	5482	Eukarya	Species
Coccidioides immitis	5501	Eukarya	Species
Fusarium oxysporum	5507	Eukarya	Species
Fusarium graminearum	5518	Eukarya	Species
Trichophyton rubrum	5551	Eukarya	Species
Leishmania amazonensis	5659	Eukarya	Species
Leishmania braziliensis	5660	Eukarya	Species
Leishmania donovani	5661	Eukarya	Species
Leishmania enriettii	5663	Eukarya	Species
Leishmania major	5664	Eukarya	Species
Leishmania mexicana	5665	Eukarya	Species
Leishmania tropica	5666	Eukarya	Species
Leishmania aethiopica	5667	Eukarya	Species
Leishmania infantum	5671	Eukarya	Species
Leishmania panamensis	5679	Eukarya	Species
Leptomonas seymouri	5684	Eukarya	Species
Leishmania tarentolae	5689	Eukarya	Species
Trypanosoma brucei	5691	Eukarya	Species
Trypanosoma congolense	5692	Eukarya	Species
Trypanosoma cruzi	5693	Eukarya	Species
Trypanosoma equiperdum	5694	Eukarya	Species
Trypanosoma evansi	5697	Eukarya	Species
Trypanosoma rangeli	5698	Eukarya	Species
Trypanosoma vivax	5699	Eukarya	Species
Trichomonas vaginalis	5722	Eukarya	Species
Giardia intestinalis	5741	Eukarya	Species
Acanthamoeba castellanii	5755	Eukarya	Species
Entamoeba histolytica	5759	Eukarya	Species
Naegleria gruberi	5762	Eukarya	Species
Naegleria fowleri	5763	Eukarya	Species
Cryptosporidium parvum	5807	Eukarya	Species
Cryptosporidium muris	5808	Eukarya	Species
Toxoplasma gondii	5811	Eukarya	Species
Plasmodium falciparum	5833	Eukarya	Species
Plasmodium knowlesi	5850	Eukarya	Species
Plasmodium vivax	5855	Eukarya	Species
Babesia microti	5868	Eukarya	Species
Exophiala dermatitidis	5970	Eukarya	Species
Encephalitozoon cuniculi	6035	Eukarya	Species
Schistosoma japonicum	6182	Eukarya	Species
Schistosoma mansoni	6183	Eukarya	Species
Schistosoma haematobium	6185	Eukarya	Species
Schistosoma intercalatum	6187	Eukarya	Species
Fasciola hepatica	6192	Eukarya	Species
Opisthorchis viverrini	6198	Eukarya	Species
Taenia solium	6204	Eukarya	Species
Hydatigera taeniaeformis	6205	Eukarya	Species
Taenia saginata	6206	Eukarya	Species
Echinococcus granulosus	6210	Eukarya	Species
Echinococcus multilocularis	6211	Eukarya	Species
Echinococcus oligarthrus	6212	Eukarya	Species
Hymenolepis diminuta	6216	Eukarya	Species
Strongyloides stercoralis	6248	Eukarya	Species
Ascaris lumbricoides	6252	Eukarya	Species
Ascaris suum	6253	Eukarya	Species
Toxocara canis	6265	Eukarya	Species
Anisakis simplex	6269	Eukarya	Species
Brugia malayi	6279	Eukarya	Species
Brugia pahangi	6280	Eukarya	Species
Onchocerca volvulus	6282	Eukarya	Species
Dirofilaria immitis	6287	Eukarya	Species
Wuchereria bancrofti	6293	Eukarya	Species
Angiostrongylus cantonensis	6313	Eukarya	Species
Trichinella spiralis	6334	Eukarya	Species
Trichinella nativa	6335	Eukarya	Species
Trichinella nelsoni	6336	Eukarya	Species
Trichinella pseudospiralis	6337	Eukarya	Species
Loa loa	7209	Eukarya	Species
Blastocystis hominis	12968	Eukarya	Species
Globicatella sanguinis	13076	Bacteria	Species
Suttonella indologenes	13276	Bacteria	Species
Anaerobiospirillum succiniciproducens	13335	Bacteria	Species
Burkholderia mallei	13373	Bacteria	Species
Sphingomonas paucimobilis	13689	Bacteria	Species
Fasciolopsis buski	27845	Eukarya	Species
Echinostoma caproni	27848	Eukarya	Species
Encephalitozoon hellem	27973	Eukarya	Species
Nosema bombycis	27978	Eukarya	Species
Lysinibacillus fusiformis	28031	Bacteria	Species
Staphylococcus lugdunensis	28035	Bacteria	Species
Streptococcus mitis	28037	Bacteria	Species
Saccharopolyspora rectivirgula	28042	Bacteria	Species
Mycobacterium celatum	28045	Bacteria	Species
Campylobacter upsaliensis	28080	Bacteria	Species
Legionella anisa	28082	Bacteria	Species
Legionella birminghamensis	28083	Bacteria	Species
Legionella cherrii	28084	Bacteria	Species
Legionella cincinnatiensis	28085	Bacteria	Species
Legionella sainthelensi	28087	Bacteria	Species
Legionella wadsworthii	28088	Bacteria	Species
Acinetobacter lwoffii	28090	Bacteria	Species
Neisseria weaveri	28091	Bacteria	Species
Burkholderia gladioli	28095	Bacteria	Species
Francisella philomiragia	28110	Bacteria	Species
Bacteroides eggerthii	28111	Bacteria	Species
Tannerella forsythia	28112	Bacteria	Species
Bacteroides heparinolyticus	28113	Bacteria	Species
Porphyromonas levii	28114	Bacteria	Species
Porphyromonas macacae	28115	Bacteria	Species
Bacteroides ovatus	28116	Bacteria	Species
Odoribacter splanchnicus	28118	Bacteria	Species
Bacteroides zoogleoformans	28119	Bacteria	Species
Fibrobacter intestinalis	28122	Bacteria	Species
Porphyromonas asaccharolytica	28123	Bacteria	Species
Porphyromonas endodontalis	28124	Bacteria	Species
Prevotella bivia	28125	Bacteria	Species
Segatella buccae	28126	Bacteria	Species
Hoylesella buccalis	28127	Bacteria	Species
Prevotella corporis	28128	Bacteria	Species
Prevotella denticola	28129	Bacteria	Species
Prevotella disiens	28130	Bacteria	Species
Prevotella intermedia	28131	Bacteria	Species
Prevotella melaninogenica	28132	Bacteria	Species
Prevotella nigrescens	28133	Bacteria	Species
Hoylesella oralis	28134	Bacteria	Species
Segatella oris	28135	Bacteria	Species
Segatella oulorum	28136	Bacteria	Species
Prevotella veroralis	28137	Bacteria	Species
Cronobacter sakazakii	28141	Bacteria	Species
Serratia proteamaculans	28151	Bacteria	Species
Yersinia kristensenii	28152	Bacteria	Species
Vibrio metschnikovii	28172	Bacteria	Species
Leptospira noguchii	28182	Bacteria	Species
Leptospira santarosai	28183	Bacteria	Species
Leptospira weilii	28184	Bacteria	Species
Capnocytophaga canimorsus	28188	Bacteria	Species
Capnocytophaga cynodegmi	28189	Bacteria	Species
Aliarcobacter butzleri	28197	Bacteria	Species
Aliarcobacter cryaerophilus	28198	Bacteria	Species
Aliarcobacter skirrowii	28200	Bacteria	Species
Malacoplasma penetrans	28227	Bacteria	Species
Arcanobacterium haemolyticum	28264	Bacteria	Species
Mycobacterium intermedium	28445	Bacteria	Species
Neisseria subflava	28449	Bacteria	Species
Burkholderia pseudomallei	28450	Bacteria	Species
Sphingobacterium multivorum	28454	Bacteria	Species
Salmonella enterica	28901	Bacteria	Species
Ancylostoma caninum	29170	Eukarya	Species
Acanthamoeba lenticulata	29196	Eukarya	Species
Mycobacterium haemophilum	29311	Bacteria	Species
Mycobacterium shimoidei	29313	Bacteria	Species
Corynebacterium otitidis	29321	Bacteria	Species
Lacrimispora sphenoides	29370	Bacteria	Species
Staphylococcus caprae	29380	Bacteria	Species
Staphylococcus cohnii	29382	Bacteria	Species
Staphylococcus saprophyticus	29385	Bacteria	Species
Staphylococcus capitis	29388	Bacteria	Species
Streptococcus alactolyticus	29389	Bacteria	Species
Gemella morbillorum	29391	Bacteria	Species
Dolosigranulum pigrum	29394	Bacteria	Species
Helicobacter canis	29419	Bacteria	Species
Legionella oakridgensis	29423	Bacteria	Species
Methylorubrum zatmanii	29429	Bacteria	Species
Acinetobacter haemolyticus	29430	Bacteria	Species
Psychrobacter phenylpyruvicus	29432	Bacteria	Species
Moraxella ovis	29433	Bacteria	Species
Brucella melitensis	29459	Bacteria	Species
Brucella neotomae	29460	Bacteria	Species
Veillonella parvula	29466	Bacteria	Species
Yersinia frederiksenii	29484	Bacteria	Species
Yersinia rohdei	29485	Bacteria	Species
Yersinia ruckeri	29486	Bacteria	Species
Vibrio furnissii	29494	Bacteria	Species
Leptospira inadai	29506	Bacteria	Species
Leptospira kirschneri	29507	Bacteria	Species
Leptospira meyeri	29508	Bacteria	Species
Borrelia crocidurae	29520	Bacteria	Species
Brachyspira aalborgi	29522	Bacteria	Species
Porphyromonas circumdentaria	29524	Bacteria	Species
Sporothrix schenckii	29908	Eukarya	Species
Mucor lusitanicus	29924	Eukarya	Species
Schistosoma mattheei	31246	Eukarya	Species
Enterocytozoon bieneusi	31281	Eukarya	Species
Brevibacterium iodinum	31943	Bacteria	Species
Amycolatopsis orientalis	31958	Bacteria	Species
Eggerthia catenaformis	31973	Bacteria	Species
Alcaligenes faecalis subsp. faecalis	32001	Bacteria	Species
Achromobacter denitrificans	32002	Bacteria	Species
Helicobacter hepaticus	32025	Bacteria	Species
Babesia divergens	32595	Eukarya	Species
Winkia neuii	33007	Bacteria	Species
Rhodococcus globerulus	33008	Bacteria	Species
Cutibacterium avidum	33010	Bacteria	Species
Cutibacterium granulosum	33011	Bacteria	Species
Staphylococcus saccharolyticus	33028	Bacteria	Species
Anaerococcus lactolyticus	33032	Bacteria	Species
Parvimonas micra	33033	Bacteria	Species
Anaerococcus prevotii	33034	Bacteria	Species
Blautia producta	33035	Bacteria	Species
Anaerococcus vaginalis	33037	Bacteria	Species
Mediterraneibacter gnavus	33038	Bacteria	Species
Bartonella grahamii	33045	Bacteria	Species
Bartonella vinsonii	33047	Bacteria	Species
Neisseria perflava	33053	Bacteria	Species
Yersinia mollaretii	33060	Bacteria	Species
Aspergillus terreus	33178	Eukarya	Species
Brevibacterium casei	33889	Bacteria	Species
Mycobacterium tuberculosis variant africanum	33894	Bacteria	Species
Mycobacterium interjectum	33895	Bacteria	Species
Mycoplasmopsis felis	33923	Bacteria	Species
Enterococcus avium	33945	Bacteria	Species
Leuconostoc pseudomesenteroides	33968	Bacteria	Species
Exiguobacterium aurantiacum	33987	Bacteria	Species
Neisseria flava	34026	Bacteria	Species
Rahnella aquatilis	34038	Bacteria	Species
Moraxella atlantae	34059	Bacteria	Species
Moraxella caviae	34060	Bacteria	Species
Moraxella cuniculi	34061	Bacteria	Species
Moraxella osloensis	34062	Bacteria	Species
Streptobacillus moniliformis	34105	Bacteria	Species
Trichophyton tonsurans	34387	Eukarya	Species
Paragonimus westermani	34504	Eukarya	Species
Eubacterium brachy	35517	Bacteria	Species
Eubacterium nodatum	35518	Bacteria	Species
Mogibacterium timidum	35519	Bacteria	Species
Acholeplasma oculi	35623	Bacteria	Species
Citrobacter amalonaticus	35703	Bacteria	Species
Corynebacterium kutscheri	35755	Bacteria	Species
Rickettsia africae	35788	Bacteria	Species
Rickettsia helvetica	35789	Bacteria	Species
Rickettsia japonica	35790	Bacteria	Species
Rickettsia massiliae	35791	Bacteria	Species
Rickettsia parkeri	35792	Bacteria	Species
Rickettsia sibirica	35793	Bacteria	Species
Rickettsia slovaca	35794	Bacteria	Species
Bordetella holmesii	35814	Bacteria	Species
Helicobacter heilmannii	35817	Bacteria	Species
Helicobacter pullorum	35818	Bacteria	Species
Bilophila wadsworthia	35833	Bacteria	Species
Trichuris trichiura	36087	Eukarya	Species
Plasmodium ovale	36330	Eukarya	Species
Dermabacter hominis	36740	Bacteria	Species
Corynebacterium bovis	36808	Bacteria	Species
Mycobacteroides abscessus	36809	Bacteria	Species
Mycobacterium genavense	36812	Bacteria	Species
Mycolicibacterium rhodesiae	36814	Bacteria	Species
Gordonia amarae	36821	Bacteria	Species
Gordonia rubripertincta	36822	Bacteria	Species
Gordonia sputi	36823	Bacteria	Species
Clostridium celatum	36834	Bacteria	Species
Terrisporobacter glycolicus	36841	Bacteria	Species
Clostridium intestinale	36845	Bacteria	Species
Brucella canis	36855	Bacteria	Species
Clavispora lusitaniae	36911	Eukarya	Species
Lodderomyces elongisporus	36914	Eukarya	Species
Nocardia brasiliensis	37326	Bacteria	Species
Nocardia farcinica	37329	Bacteria	Species
Nocardia nova	37330	Bacteria	Species
Nocardia transvalensis	37333	Bacteria	Species
Helicobacter bilis	37372	Bacteria	Species
Corynebacterium pseudodiphtheriticum	37637	Bacteria	Species
Enterococcus casseliflavus	37734	Bacteria	Species
Cryptococcus gattii	37769	Eukarya	Species
Rickettsia honei	37816	Bacteria	Species
Dietzia maris	37915	Bacteria	Species
Rothia kristinae	37923	Bacteria	Species
Pneumocystis wakefieldiae	38082	Eukarya	Species
Corynebacterium accolens	38284	Bacteria	Species
Corynebacterium afermentans	38286	Bacteria	Species
Corynebacterium jeikeium	38289	Bacteria	Species
Corynebacterium macginleyi	38290	Bacteria	Species
Photobacterium damselae	38293	Bacteria	Species
Corynebacterium minutissimum	38301	Bacteria	Species
Corynebacterium tuberculostearicum	38304	Bacteria	Species
Rhodococcus rhodnii	38312	Bacteria	Species
Shewanella algae	38313	Bacteria	Species
Bartonella henselae	38323	Bacteria	Species
Schistosoma mekongi	38744	Eukarya	Species
Borrelia lonestari	38876	Bacteria	Species
Clostridium combesii	39481	Bacteria	Species
Faecalicatena contorta	39482	Bacteria	Species
Faecalitalea cylindroides	39483	Bacteria	Species
Clostridium moniliforme	39489	Bacteria	Species
Agathobacter rectalis	39491	Bacteria	Species
Eubacterium yurii	39498	Bacteria	Species
Mycolicibacterium porcinum	39693	Bacteria	Species
Mycolicibacterium poriferae	39694	Bacteria	Species
Mycolicibacterium tokaiense	39695	Bacteria	Species
Veillonella atypica	39777	Bacteria	Species
Veillonella dispar	39778	Bacteria	Species
Corynebacterium glucuronolyticum	39791	Bacteria	Species
Klebsiella granulomatis	39824	Bacteria	Species
Dialister pneumosintes	39950	Bacteria	Species
Methylobacterium mesophilicum	39956	Bacteria	Species
Helcococcus kunzii	40091	Bacteria	Species
Acinetobacter johnsonii	40214	Bacteria	Species
Acinetobacter junii	40215	Bacteria	Species
Acinetobacter radioresistens	40216	Bacteria	Species
Leishmania arabica	40284	Eukarya	Species
Leishmania gerbilli	40285	Eukarya	Species
Stenotrophomonas maltophilia	40324	Bacteria	Species
Legionella tucsonensis	40335	Bacteria	Species
Strongylus vulgaris	40348	Eukarya	Species
Fonsecaea pedrosoi	40355	Eukarya	Species
Leptotrichia buccalis	40542	Bacteria	Species
Sneathia sanguinegens	40543	Bacteria	Species
Sutterella wadsworthensis	40545	Bacteria	Species
Borrelia duttonii	40834	Bacteria	Species
Borrelia hispanica	40835	Bacteria	Species
Exiguobacterium acetylicum	41170	Bacteria	Species
Ewingella americana	41202	Bacteria	Species
Brevundimonas vesicularis	41276	Bacteria	Species
Lomentospora prolificans	41688	Eukarya	Species
Porphyromonas catoniae	41976	Bacteria	Species
Pneumocystis oryctolagi	42067	Eukarya	Species
Pneumocystis jirovecii	42068	Eukarya	Species
Brugia timori	42155	Eukarya	Species
Onchocerca ochengi	42157	Eukarya	Species
Vittaforma corneae	42399	Eukarya	Species
Lichtheimia corymbifera	42458	Eukarya	Species
Tsukamurella inchonensis	42777	Bacteria	Species
Corynebacterium argentoratense	42817	Bacteria	Species
Mammaliicoccus lentus	42858	Bacteria	Species
Rickettsia felis	42862	Bacteria	Species
Sarcocystis neurona	42890	Eukarya	Species
Trichomonas tenax	43075	Eukarya	Species
Tissierella praeacuta	43131	Bacteria	Species
Acanthamoeba culbertsoni	43142	Eukarya	Species
Pseudomonas alcaligenes	43263	Bacteria	Species
Mycolicibacterium peregrinum	43304	Bacteria	Species
Mycobacterium branderi	43348	Bacteria	Species
Rothia mucilaginosa	43675	Bacteria	Species
Corynebacterium amycolatum	43765	Bacteria	Species
Prescottella equi	43767	Bacteria	Species
Corynebacterium propinquum	43769	Bacteria	Species
Corynebacterium striatum	43770	Bacteria	Species
Corynebacterium urealyticum	43771	Bacteria	Species
Catonella morbi	43997	Bacteria	Species
Enterococcus cecorum	44008	Bacteria	Species
Mycobacterium conspicuum	44010	Bacteria	Species
Paenibacillus alvei	44250	Bacteria	Species
Paenibacillus macerans	44252	Bacteria	Species
Borrelia persica	44448	Bacteria	Species
Borrelia recurrentis	44449	Bacteria	Species
Corynebacterium auris	44750	Bacteria	Species
Halomonas venusta	44935	Bacteria	Species
Legionella lansingensis	45067	Bacteria	Species
Legionella londiniensis	45068	Bacteria	Species
Legionella parisiensis	45071	Bacteria	Species
Capnocytophaga granulosa	45242	Bacteria	Species
Capnocytophaga haemolytica	45243	Bacteria	Species
Dysgonomonas capnocytophagoides	45254	Bacteria	Species
Rickettsia sibirica subsp. mongolitimonae	45261	Bacteria	Species
Rickettsia aeschlimannii	45262	Bacteria	Species
Streptococcus cristatus	45634	Bacteria	Species
Trichinella britovi	45882	Eukarya	Species
Staphylococcus pasteuri	45972	Bacteria	Species
Nocardia pseudobrasiliensis	45979	Bacteria	Species
Granulicatella adjacens	46124	Bacteria	Species
Abiotrophia defectiva	46125	Bacteria	Species
Parabacteroides merdae	46503	Bacteria	Species
Bacteroides stercoris	46506	Bacteria	Species
Ezakiella coagulans	46507	Bacteria	Species
Fasciola gigantica	46835	Eukarya	Species
Clostridium chauvoei	46867	Bacteria	Species
Massilia timonae	47229	Bacteria	Species
Tsukamurella pulmonis	47312	Bacteria	Species
Borrelia miyamotoi	47466	Bacteria	Species
Bacteroides caccae	47678	Bacteria	Species
Lacticaseibacillus rhamnosus	47715	Bacteria	Species
Mycobacterium triplex	47839	Bacteria	Species
Pseudomonas fulva	47880	Bacteria	Species
Pseudomonas oryzihabitans	47885	Bacteria	Species
Pseudomonas luteola	47886	Bacteria	Species
Serratia fonticola	47917	Bacteria	Species
Schistosoma margrebowiei	48269	Eukarya	Species
Acinetobacter pittii	48296	Bacteria	Species
Fusarium circinatum	48490	Eukarya	Species
Leptospira fainei	48782	Bacteria	Species
Paenibacillus thiaminolyticus	49283	Bacteria	Species
Ancylostoma duodenale	51022	Eukarya	Species
Enterobius vermicularis	51028	Eukarya	Species
Necator americanus	51031	Eukarya	Species
Brevibacillus agri	51101	Bacteria	Species
Eubacterium saphenum	51123	Bacteria	Species
Treponema maltophilum	51160	Bacteria	Species
Kluyvera ascorbata	51288	Bacteria	Species
Naegleria lovaniensis	51637	Eukarya	Species
Prevotella dentalis	52227	Bacteria	Species
Brachyspira pilosicoli	52584	Bacteria	Species
Bartonella alsatica	52764	Bacteria	Species
Schaalia georgiae	52768	Bacteria	Species
Actinomyces gerencseriae	52769	Bacteria	Species
Schaalia meyeri	52773	Bacteria	Species
Ancylostoma ceylanicum	53326	Eukarya	Species
Staphylococcus delphini	53344	Bacteria	Species
Enterococcus durans	53345	Bacteria	Species
Enterococcus mundtii	53346	Bacteria	Species
Brevibacterium otitidis	53364	Bacteria	Species
Corynebacterium coyleae	53374	Bacteria	Species
Mycobacterium heidelbergense	53376	Bacteria	Species
Mycobacterium paraffinicum	53378	Bacteria	Species
Treponema lecithinolyticum	53418	Bacteria	Species
Treponema socranskii	53419	Bacteria	Species
Eubacterium callanderi	53442	Bacteria	Species
Mycolicibacterium mageritense	53462	Bacteria	Species
Mesocestoides corti	53468	Eukarya	Species
Rhodococcus corynebacterioides	53972	Bacteria	Species
Peptoniphilus harei	54005	Bacteria	Species
Peptoniphilus ivorii	54006	Bacteria	Species
Anaerococcus octavius	54007	Bacteria	Species
Raoultella ornithinolytica	54291	Bacteria	Species
Salmonella bongori	54736	Bacteria	Species
Brevibacillus centrosporus	54910	Bacteria	Species
Streptococcus thoraltensis	55085	Bacteria	Species
Erwinia persicina	55211	Bacteria	Species
Actinomyces graevenitzii	55565	Bacteria	Species
Vibrio anguillarum	55601	Bacteria	Species
Mycobacterium bohemicum	56425	Bacteria	Species
Mycolicibacterium mucogenicum	56689	Bacteria	Species
Afipia broomeae	56946	Bacteria	Species
Dicrocoelium dendriticum	57078	Eukarya	Species
Corynebacterium mucifaciens	57171	Bacteria	Species
Microvirgula aerodenitrificans	57480	Bacteria	Species
Tsukamurella tyrosinosolvens	57704	Bacteria	Species
Citrobacter braakii	57706	Bacteria	Species
Burkholderia thailandensis	57975	Bacteria	Species
Treponema medium	58231	Bacteria	Species
Rhizopus microsporus	58291	Eukarya	Species
Encephalitozoon intestinalis	58839	Eukarya	Species
Actinotignum schaalii	59505	Bacteria	Species
Trueperella bernardiae	59561	Bacteria	Species
Mycolicibacterium wolinskyi	59750	Bacteria	Species
Pantoea dispersa	59814	Bacteria	Species
Paenibacillus glucanolyticus	59843	Bacteria	Species
Treponema amylovorum	59892	Bacteria	Species
Dibothriocephalus latus	60516	Eukarya	Species
Taenia asiatica	60517	Eukarya	Species
Burkholderia pyrrocinia	60550	Bacteria	Species
Burkholderia vietnamiensis	60552	Bacteria	Species
Staphylococcus succinus	61015	Bacteria	Species
Oesophagostomum dentatum	61180	Eukarya	Species
Corynebacterium durum	61592	Bacteria	Species
Acanthamoeba lugdunensis	61605	Eukarya	Species
Enterobacter asburiae	61645	Bacteria	Species
Lelliottia amnigena	61646	Bacteria	Species
Pluralibacter gergoviae	61647	Bacteria	Species
Serratia ficaria	61651	Bacteria	Species
Serratia rubidaea	61652	Bacteria	Species
Leishmania turanica	62297	Eukarya	Species
Microsporum canis	63405	Eukarya	Species
Corynebacterium ulcerans	65058	Bacteria	Species
Acanthamoeba astronyxis	65658	Eukarya	Species
Gleimia europaea	66228	Bacteria	Species
Balamuthia mandrillaris	66527	Eukarya	Species
Streptomyces lanatus	66900	Bacteria	Species
Legionella waltersii	66969	Bacteria	Species
Trypanosoma theileri	67003	Eukarya	Species
Mycolicibacterium alvei	67081	Bacteria	Species
Citrobacter farmeri	67824	Bacteria	Species
Citrobacter rodentium	67825	Bacteria	Species
Citrobacter sedlakii	67826	Bacteria	Species
Citrobacter werkmanii	67827	Bacteria	Species
Enterobacter cancerogenus	69218	Bacteria	Species
Selenomonas sputigena	69823	Bacteria	Species
Lacrimispora indolis	69825	Bacteria	Species
Staphylococcus condimenti	70255	Bacteria	Species
Acinetobacter variabilis	70346	Bacteria	Species
Corynebacterium confusum	71254	Bacteria	Species
Enterococcus raffinosus	71452	Bacteria	Species
Waddlia chondrophila	71667	Bacteria	Species
Trypanosoma grayi	71804	Eukarya	Species
Kocuria rhizophila	72000	Bacteria	Species
Trachipleistophora hominis	72359	Eukarya	Species
Achromobacter piechaudii	72556	Bacteria	Species
Achromobacter ruhlandii	72557	Bacteria	Species
Emmonsia crescens	73230	Eukarya	Species
Collinsella aerofaciens	74426	Bacteria	Species
Campylobacter lanienae	75658	Bacteria	Species
Balneatrix alpica	75684	Bacteria	Species
Mannheimia haemolytica	75985	Bacteria	Species
Alloprevotella tannerae	76122	Bacteria	Species
Hoylesella enoeca	76123	Bacteria	Species
Eubacterium minutum	76124	Bacteria	Species
Campylobacter hominis	76517	Bacteria	Species
Pseudomonas monteilii	76759	Bacteria	Species
Malassezia restricta	76775	Eukarya	Species
Malassezia sympodialis	76777	Eukarya	Species
Myroides odoratimimus	76832	Bacteria	Species
Streptococcus constellatus	76860	Bacteria	Species
Malassezia pachydermatis	77020	Eukarya	Species
Fusobacterium naviforme	77917	Bacteria	Species
Parascardovia denticolens	78258	Bacteria	Species
Scardovia inopinata	78259	Bacteria	Species
Pseudomonas mosselii	78327	Bacteria	Species
Streptomyces somaliensis	78355	Bacteria	Species
Thermothelomyces thermophilus	78579	Eukarya	Species
Clonorchis sinensis	79923	Eukarya	Species
Delftia acidovorans	80866	Bacteria	Species
Mycolicibacterium elephantis	81858	Bacteria	Species
Vagococcus lutrae	81947	Bacteria	Species
Fannyhessea vaginae	82135	Bacteria	Species
Centipeda periodontii	82203	Bacteria	Species
Facklamia languida	82347	Bacteria	Species
Streptococcus pluranimalium	82348	Bacteria	Species
Trichosporon asahii	82508	Eukarya	Species
Apiotrichum montevideense	82521	Eukarya	Species
Cupriavidus gilardii	82541	Bacteria	Species
Cupriavidus pauculus	82633	Bacteria	Species
Budvicia aquatica	82979	Bacteria	Species
Leminorella grimontii	82981	Bacteria	Species
Tatumella ptyseos	82987	Bacteria	Species
Buttiauxella gaviniae	82990	Bacteria	Species
Serratia plymuthica	82996	Bacteria	Species
Mycobacteroides immunogenum	83262	Bacteria	Species
Eubacterium multiforme	83339	Bacteria	Species
Chlamydia psittaci	83554	Bacteria	Species
Chlamydia abortus	83555	Bacteria	Species
Chlamydia felis	83556	Bacteria	Species
Chlamydia caviae	83557	Bacteria	Species
Chlamydia pneumoniae	83558	Bacteria	Species
Simkania negevensis	83561	Bacteria	Species
Leclercia adecarboxylata	83655	Bacteria	Species
Slackia exigua	84109	Bacteria	Species
Eggerthella lenta	84112	Bacteria	Species
Gemella sanguinis	84135	Bacteria	Species
Gemella bergeri	84136	Bacteria	Species
Cryptobacterium curtum	84163	Bacteria	Species
Gordonia polyisoprenivorans	84595	Bacteria	Species
Williamsia muralis	85044	Bacteria	Species
Mannheimia glucosida	85401	Bacteria	Species
Hymenolepis microstoma	85433	Eukarya	Species
Mycolicibacterium monacense	85693	Bacteria	Species
Achromobacter xylosoxidans	85698	Bacteria	Species
Cladophialophora carrionii	86049	Eukarya	Species
Rhinocladiella mackenziei	86056	Eukarya	Species
Mogibacterium pumilum	86332	Bacteria	Species
Mogibacterium vescum	86333	Bacteria	Species
Aerococcus christensenii	87541	Bacteria	Species
Hutsoniella sourekii	87650	Bacteria	Species
Burkholderia multivorans	87883	Bacteria	Species
Cyclospora cayetanensis	88456	Eukarya	Species
Luteococcus peritonei	88874	Bacteria	Species
Borreliella spielmanii	88916	Bacteria	Species
Ignavigranum ruoffiae	89093	Bacteria	Species
Neoehrlichia mikurensis	89586	Bacteria	Species
Moraxella canis	90239	Bacteria	Species
Moraxella lincolnii	90241	Bacteria	Species
Oligella ureolytica	90244	Bacteria	Species
Oligella urethralis	90245	Bacteria	Species
Salmonella enterica subsp. enterica serovar Typhi	90370	Bacteria	Species
Salmonella enterica subsp. enterica serovar Typhimurium	90371	Bacteria	Species
Asaia bogorensis	91915	Bacteria	Species
Exophiala spinifera	91928	Eukarya	Species
Trichinella sp. T6	92179	Eukarya	Species
Trichinella sp. T8	92180	Eukarya	Species
Bartonella koehlerae	92181	Bacteria	Species
Sphingomonas koreensis	93064	Bacteria	Species
Pandoraea apista	93218	Bacteria	Species
Pandoraea pnomenusa	93220	Bacteria	Species
Pandoraea pulmonicola	93221	Bacteria	Species
Pandoraea sputorum	93222	Bacteria	Species
Edwardsiella hoshinae	93378	Bacteria	Species
Cryptosporidium meleagridis	93969	Eukarya	Species
Taenia multiceps	94034	Eukarya	Species
Bordetella petrii	94624	Bacteria	Species
Brucella intermedia	94625	Bacteria	Species
Brucella tritici	94626	Bacteria	Species
Nocardia beijingensis	95162	Bacteria	Species
Burkholderia stabilis	95485	Bacteria	Species
Burkholderia cenocepacia	95486	Bacteria	Species
Nocardia vinacea	96468	Bacteria	Species
Mycolicibacterium septicum	98668	Bacteria	Species
Pseudoglutamicibacter albus	98671	Bacteria	Species
Arthrobacter luteolus	98672	Bacteria	Species
Spirometra erinaceieuropaei	99802	Eukarya	Species
Corynebacterium auriscanis	99807	Bacteria	Species
Madurella mycetomatis	100816	Eukarya	Species
Coprobacillus cateniformis	100884	Bacteria	Species
Naganishia albida	100951	Eukarya	Species
Burkholderia ubonensis	101571	Bacteria	Species
Solobacterium moorei	102148	Bacteria	Species
Rodentolepis nana	102285	Eukarya	Species
Streptococcus infantarius	102684	Bacteria	Species
Proteus penneri	102862	Bacteria	Species
Actinomyces urogenitalis	103621	Bacteria	Species
Thelazia callipaeda	103827	Eukarya	Species
Bordetella hinzii	103855	Bacteria	Species
Acetobacter indonesiensis	104101	Bacteria	Species
Helicobacter suis	104628	Bacteria	Species
Ralstonia mannitolilytica	105219	Bacteria	Species
Anaerostipes caccae	105841	Bacteria	Species
Acinetobacter bereziniae	106648	Bacteria	Species
Acinetobacter guillouiae	106649	Bacteria	Species
Acinetobacter nosocomialis	106654	Bacteria	Species
Corynebacterium falsenii	108486	Bacteria	Species
Acinetobacter ursingii	108980	Bacteria	Species
Acinetobacter schindleri	108981	Bacteria	Species
Rickettsia monacensis	109232	Bacteria	Species
Leptotrichia trevisanii	109328	Bacteria	Species
Bisgaardia hudsonensis	109472	Bacteria	Species
Lactobacillus jensenii	109790	Bacteria	Species
Mycobacterium heckeshornense	110505	Bacteria	Species
Actinomyces radicidentis	111015	Bacteria	Species
Actinomadura pelletieri	111805	Bacteria	Species
Ignatzschineria larvae	112009	Bacteria	Species
Streptococcus australis	113107	Bacteria	Species
Pseudoramibacter alactolyticus	113287	Bacteria	Species
Nocardia paucivorans	114259	Bacteria	Species
Mogibacterium diversum	114527	Bacteria	Species
Mogibacterium neglectum	114528	Bacteria	Species
Mycoplasmopsis lipofaciens	114884	Bacteria	Species
Mycobacterium tuberculosis variant caprae	115862	Bacteria	Species
Fusarium verticillioides	117187	Eukarya	Species
Bulleidia extructa	118748	Bacteria	Species
Aerococcus sanguinicola	119206	Bacteria	Species
Cupriavidus metallidurans	119219	Bacteria	Species
Nocardia abscessus	120957	Bacteria	Species
Mycobacterium kubicae	120959	Bacteria	Species
Paracoccidioides brasiliensis	121759	Eukarya	Species
Frederiksenia canicola	123824	Bacteria	Species
Helicobacter canadensis	123841	Bacteria	Species
Bordetella trematum	123899	Bacteria	Species
Providencia alcalifaciens	126385	Bacteria	Species
Mycolicibacterium doricum	126673	Bacteria	Species
Schaalia radingae	131110	Bacteria	Species
Schaalia turicensis	131111	Bacteria	Species
Desulfomicrobium orale	132132	Bacteria	Species
Nocardia veterana	132249	Bacteria	Species
Schaalia funkei	132933	Bacteria	Species
Citrobacter youngae	133448	Bacteria	Species
Corynebacterium freneyi	134034	Bacteria	Species
Acinetobacter parvus	134533	Bacteria	Species
Acinetobacter gyllenbergii	134534	Bacteria	Species
Paraburkholderia fungorum	134537	Bacteria	Species
Mycolicibacterium goodii	134601	Bacteria	Species
Actinomadura mexicana	134959	Bacteria	Species
Nocardia africana	134964	Bacteria	Species
Selenomonas dianae	135079	Bacteria	Species
Selenomonas flueggei	135080	Bacteria	Species
Selenomonas infelix	135082	Bacteria	Species
Selenomonas noxia	135083	Bacteria	Species
Nocardia cyriacigeorgica	135487	Bacteria	Species
Falseniella ignava	137730	Bacteria	Species
Granulicatella elegans	137732	Bacteria	Species
Clostridium neonatale	137838	Bacteria	Species
Kytococcus schroeteri	138300	Bacteria	Species
Treponema parvum	138851	Bacteria	Species
Mycobacterium lentiflavum	141349	Bacteria	Species
Filifactor alocis	143361	Bacteria	Species
Eubacterium sulci	143393	Bacteria	Species
Leifsonia aquatica	144185	Bacteria	Species
Trichinella murrelli	144512	Eukarya	Species
Nocardia ignorata	145285	Bacteria	Species
Mycolicibacterium boenickei	146017	Bacteria	Species
Mycolicibacterium brisbanense	146020	Bacteria	Species
Acetobacter cibinongensis	146475	Bacteria	Species
Corynebacterium simulans	146827	Bacteria	Species
Tsukamurella strandjordii	147577	Bacteria	Species
Paracoccus yeei	147645	Bacteria	Species
Pseudomonas andersonii	147728	Bacteria	Species
Opisthorchis felineus	147828	Eukarya	Species
Streptococcus urinalis	149016	Bacteria	Species
Salmonella enterica subsp. enterica serovar Enteritidis	149539	Bacteria	Species
Mycolicibacterium holsaticum	152142	Bacteria	Species
Burkholderia ambifaria	152480	Bacteria	Species
Burkholderia dolosa	152500	Bacteria	Species
Mycobacterium palustre	153971	Bacteria	Species
Hungatella hathewayi	154046	Bacteria	Species
Turicibacter sanguinis	154288	Bacteria	Species
Anaeroglobus geminatus	156456	Bacteria	Species
Dysgonomonas gadei	156974	Bacteria	Species
Corynebacterium riegelii	156976	Bacteria	Species
Corynebacterium imitans	156978	Bacteria	Species
Arthrobacter woluwensis	156980	Bacteria	Species
Cellulomonas hominis	156981	Bacteria	Species
Helicobacter winghamensis	157268	Bacteria	Species
Leptotrichia wadei	157687	Bacteria	Species
Leptotrichia shahii	157691	Bacteria	Species
Pseudoleptotrichia goodfellowii	157692	Bacteria	Species
Cedecea davisae	158484	Bacteria	Species
Bifidobacterium scardovii	158787	Bacteria	Species
Cedecea neteri	158822	Bacteria	Species
Cedecea lapagei	158823	Bacteria	Species
Enterobacter hormaechei	158836	Bacteria	Species
Megamonas hypermegale	158847	Bacteria	Species
Moellerella wisconsensis	158849	Bacteria	Species
Yokenella regensburgei	158877	Bacteria	Species
Pseudarthrobacter scleromae	158897	Bacteria	Species
Enterococcus gilvus	160453	Bacteria	Species
Enterococcus pallens	160454	Bacteria	Species
Paenibacillus turicensis	160487	Bacteria	Species
Corynebacterium kroppenstedtii	161879	Bacteria	Species
Corynebacterium lipophiloflavum	161889	Bacteria	Species
Corynebacterium sundsvallense	161902	Bacteria	Species
Corynebacterium appendicis	163202	Bacteria	Species
Dysgonomonas mossii	163665	Bacteria	Species
Streptococcus gallinaceus	165758	Bacteria	Species
Laribacter hongkongensis	168471	Bacteria	Species
Corynebacterium aurimucosum	169292	Bacteria	Species
Fusarium solani	169388	Eukarya	Species
Mycobacterium lacus	169765	Bacteria	Species
Staphylococcus pettenkoferi	170573	Bacteria	Species
Brevibacterium paucivorans	170994	Bacteria	Species
Inquilinus limosus	171674	Bacteria	Species
Rothia aeria	172042	Bacteria	Species
Elizabethkingia miricola	172045	Bacteria	Species
Brachybacterium paraconglomeratum	173362	Bacteria	Species
Luteococcus sanguinis	174038	Bacteria	Species
Streptococcus sinensis	176090	Bacteria	Species
Shuttleworthia satelles	177972	Bacteria	Species
Facklamia hominis	178214	Bacteria	Species
Cohnella hongkongensis	178337	Bacteria	Species
Sedimentibacter hongkongensis	178338	Bacteria	Species
Pauljensenia hongkongensis	178339	Bacteria	Species
Burkholderia anthina	179879	Bacteria	Species
Anaerobiospirillum thomasii	179995	Bacteria	Species
Delftia tsuruhatensis	180282	Bacteria	Species
Robinsoniella peoriensis	180332	Bacteria	Species
Psychrobacter faecalis	180588	Bacteria	Species
Schaalia cardiffensis	181487	Bacteria	Species
Trichinella sp. T9	181606	Eukarya	Species
Varibaculum cambriense	184870	Bacteria	Species
Mycobacterium parmense	185642	Bacteria	Species
Bartonella washoeensis	186739	Bacteria	Species
Sneathia vaginalis	187101	Bacteria	Species
Megasphaera micronuciformis	187326	Bacteria	Species
Veillonella montpellierensis	187328	Bacteria	Species
Amycolatopsis palatopharyngis	187982	Bacteria	Species
Hoylesella marshii	189722	Bacteria	Species
Actinotignum urinale	190146	Bacteria	Species
Mycobacterium tuberculosis variant pinnipedii	194542	Bacteria	Species
Cardiobacterium valvarum	194702	Bacteria	Species
Haematobacter massiliensis	195105	Bacteria	Species
Cupriavidus respiraculi	195930	Bacteria	Species
Aeromonas dhakensis	196024	Bacteria	Species
Haemophilus aegyptius	197575	Bacteria	Species
Streptococcus pasteurianus	197614	Bacteria	Species
Coccidioides posadasii	199306	Eukarya	Species
Brevibacterium luteolum	199591	Bacteria	Species
Microbacterium paraoxydans	199592	Bacteria	Species
Pseudomonas poae	200451	Bacteria	Species
Actinobaculum massiliense	202789	Bacteria	Species
Acinetobacter baylyi	202950	Bacteria	Species
Phocaeicola massiliensis	204516	Bacteria	Species
Pseudoroseomonas cervicalis	204525	Bacteria	Species
Actinomyces oricola	206043	Bacteria	Species
Kerstersia similis	206505	Bacteria	Species
Kerstersia gyiorum	206506	Bacteria	Species
Roseomonas mucosa	207340	Bacteria	Species
Kosakonia cowanii	208223	Bacteria	Species
Enterobacter kobei	208224	Bacteria	Species
Enterocloster bolteae	208479	Bacteria	Species
Nocardia puris	208602	Bacteria	Species
Escherichia albertii	208962	Bacteria	Species
Alkanindiges hongkongensis	208968	Bacteria	Species
Nocardia inohanensis	209246	Bacteria	Species
Nocardia yamanashiensis	209247	Bacteria	Species
Nocardia niigatensis	209249	Bacteria	Species
Nocardia asiatica	209252	Bacteria	Species
Exophiala mesophila	212818	Eukarya	Species
Alistipes finegoldii	214856	Bacteria	Species
Exophiala oligosperma	215243	Eukarya	Species
Achromobacter spanius	217203	Bacteria	Species
Achromobacter insolitus	217204	Bacteria	Species
Dialister invisus	218538	Bacteria	Species
Mycobacterium saskatchewanense	220927	Bacteria	Species
Treponema putidum	221027	Bacteria	Species
Mycobacterium intracellulare subsp. chimaera	222805	Bacteria	Species
Kocuria marina	223184	Bacteria	Species
Rhodococcus gordoniae	223392	Bacteria	Species
Paenibacillus sanguinis	225906	Bacteria	Species
Paenibacillus timonensis	225915	Bacteria	Species
Paenibacillus massiliensis	225917	Bacteria	Species
Comamonas kerstersii	225992	Bacteria	Species
Rickettsia conorii subsp. heilongjiangensis	226665	Bacteria	Species
Mycolicibacterium canariasense	228230	Bacteria	Species
Nocardia higoensis	228599	Bacteria	Species
Nocardia araoensis	228600	Bacteria	Species
Nocardia pneumoniae	228601	Bacteria	Species
Nocardia arthritidis	228602	Bacteria	Species
Streptococcus minor	229549	Bacteria	Species
Scardovia wiggsiae	230143	Bacteria	Species
Paraeggerthella hongkongensis	230658	Bacteria	Species
Streptococcus devriesei	231233	Bacteria	Species
Dyella japonica	231455	Bacteria	Species
Brevibacterium sanguinis	232444	Bacteria	Species
Nocardia neocaledoniensis	236511	Bacteria	Species
Fastidiosipila sanguinis	236753	Bacteria	Species
Paenibacillus cineris	237530	Bacteria	Species
Oribacterium sinus	237576	Bacteria	Species
Cryptosporidium hominis	237895	Eukarya	Species
Mycobacterium parascrofulaceum	240125	Bacteria	Species
Actinomadura meyerae	240840	Bacteria	Species
Helcococcus sueciensis	241555	Bacteria	Species
Eggerthella sinensis	242230	Bacteria	Species
Hallella bergensis	242750	Bacteria	Species
Mycobacterium sherrisii	243061	Bacteria	Species
Pasteurella caballi	243701	Bacteria	Species
Mycobacterium nebraskense	244292	Bacteria	Species
Klebsiella variicola	244366	Bacteria	Species
Staphylococcus equorum	246432	Bacteria	Species
Nocardia testacea	248551	Bacteria	Species
Nocardia sienata	248552	Bacteria	Species
Gordonia otitidis	249058	Bacteria	Species
Haemophilus pittmaniae	249188	Bacteria	Species
Lacrimispora amygdalina	253257	Bacteria	Species
Verruconis gallopava	253628	Eukarya	Species
Streptococcus halichoeri	254785	Bacteria	Species
Psychrobacter arenosus	256326	Bacteria	Species
Pseudomonas japonica	256466	Bacteria	Species
Nocardia vermiculata	257274	Bacteria	Species
Nocardia thailandica	257275	Bacteria	Species
Nocardia aobensis	257277	Bacteria	Species
Nocardia concava	257281	Bacteria	Species
Roseomonas gilardii	257708	Bacteria	Species
Streptococcus pseudopneumoniae	257758	Bacteria	Species
Corynebacterium resistens	258224	Bacteria	Species
Mycolicibacterium cosmeticum	258533	Bacteria	Species
Nocardia takedensis	259390	Bacteria	Species
Campylobacter insulaenigrae	260714	Bacteria	Species
Nocardia kruczakiae	261477	Bacteria	Species
Janibacter melonis	262209	Bacteria	Species
Acinetobacter beijerinckii	262668	Bacteria	Species
Pneumocystis murina	263815	Eukarya	Species
Gordonia effusa	263908	Bacteria	Species
Gordonia araii	263909	Bacteria	Species
Nocardia anaemiae	263910	Bacteria	Species
Cellulosimicrobium funkei	264251	Bacteria	Species
Cellulomonas denverensis	264297	Bacteria	Species
Kingella potus	265175	Bacteria	Species
Aquimonas voraii	265719	Bacteria	Species
Bacteroides denticanum	266833	Bacteria	Species
Neisseria bacilliformis	267212	Bacteria	Species
Advenella incenata	267800	Bacteria	Species
Trichinella papuae	268474	Eukarya	Species
Trichinella zimbabwensis	268475	Eukarya	Species
Christensenella hongkongensis	270498	Bacteria	Species
Gulosibacter bifidus	272239	Bacteria	Species
Actinomyces dentalis	272548	Bacteria	Species
Mycoplasma amphoriforme	273136	Bacteria	Species
Nocardia mexicana	279262	Bacteria	Species
Mycolicibacterium llatzerense	280871	Bacteria	Species
Porphyromonas uenonis	281920	Bacteria	Species
Dietzia papillomatosis	282305	Bacteria	Species
Prevotella multiformis	282402	Bacteria	Species
Staphylococcus pseudintermedius	283734	Bacteria	Species
Segniliparus rotundus	286802	Bacteria	Species
Segniliparus rugosus	286804	Bacteria	Species
Bordetella ansorpii	288768	Bacteria	Species
Tepidimonas arfidensis	288769	Bacteria	Species
Nocardia exalbida	290231	Bacteria	Species
Photorhabdus asymbiotica	291112	Bacteria	Species
Bartonella melophagi	291176	Bacteria	Species
Bacteroides salyersiae	291644	Bacteria	Species
Bacteroides nordii	291645	Bacteria	Species
Mycobacterium florentinum	292462	Bacteria	Species
Ureibacillus massiliensis	292806	Bacteria	Species
Cyphellophora europaea	293227	Eukarya	Species
Enterobacter ludwigii	299767	Bacteria	Species
Nocardia elegans	300029	Bacteria	Species
Leptospira broomii	301541	Bacteria	Species
Corynebacterium tuscaniense	302449	Bacteria	Species
Segatella baroniae	305719	Bacteria	Species
Dialister propionicifaciens	308994	Bacteria	Species
Dialister micraerophilus	309120	Bacteria	Species
Bacteroides pyogenes	310300	Bacteria	Species
Hallella multisaccharivorax	310514	Bacteria	Species
Paenibacillus assamensis	311244	Bacteria	Species
Streptococcus massiliensis	313439	Bacteria	Species
Dracunculus medinensis	318479	Eukarya	Species
Mycolicibacterium phocaicum	319706	Bacteria	Species
Mycolicibacterium aubagnense	319707	Bacteria	Species
Pseudomonas otitidis	319939	Bacteria	Species
Dietzia cinnamea	321318	Bacteria	Species
Williamsia deligens	321325	Bacteria	Species
Angiostrongylus vasorum	321387	Eukarya	Species
Porphyromonas somerae	322095	Bacteria	Species
Dermacoccus barathri	322601	Bacteria	Species
Dokdonella koreensis	323415	Bacteria	Species
Babesia duncani	323732	Eukarya	Species
Mycobacterium alsense	324058	Bacteria	Species
Aeromonas tecta	324617	Bacteria	Species
Bacillus infantis	324767	Bacteria	Species
Metabacillus idriensis	324768	Bacteria	Species
Neisseria animaloris	326522	Bacteria	Species
Neisseria zoodegmatis	326523	Bacteria	Species
Capnocytophaga leadbetteri	327575	Bacteria	Species
Parabacteroides goldsteinii	328812	Bacteria	Species
Alistipes onderdonkii	328813	Bacteria	Species
Alistipes shahii	328814	Bacteria	Species
Prevotella massiliensis	329988	Bacteria	Species
Shewanella xiamenensis	332186	Bacteria	Species
Providencia heimbachae	333962	Bacteria	Species
Angiostrongylus costaricensis	334426	Eukarya	Species
Rickettsia tamurae	334545	Bacteria	Species
Mycobacterium colombiense	339268	Bacteria	Species
Nocardia kroppenstedtii	341199	Bacteria	Species
Peptostreptococcus stomatis	341694	Bacteria	Species
Mycolicibacter arupensis	342002	Bacteria	Species
Burkholderia oklahomensis	342113	Bacteria	Species
Empedobacter falsenii	343874	Bacteria	Species
Amycolatopsis benzoatilytica	346045	Bacteria	Species
Clostridium hydrogeniformans	349933	Bacteria	Species
Mycolicibacter kumamotonensis	354243	Bacteria	Species
Nocardia ninae	356145	Bacteria	Species
Phocaeicola dorei	357276	Bacteria	Species
Nocardia harenae	358707	Bacteria	Species
Enterocloster aldenensis	358742	Bacteria	Species
Enterocloster citroniae	358743	Bacteria	Species
Streptococcus pseudoporcinus	361101	Bacteria	Species
Anaerococcus degeneri	361500	Bacteria	Species
Granulibacter bethesdensis	364410	Bacteria	Species
Pseudonocardia oroxyli	366584	Bacteria	Species
Haematobacter missouriensis	366616	Bacteria	Species
Rickettsia conorii subsp. raoultii	369822	Bacteria	Species
Aureimonas altamirensis	370622	Bacteria	Species
Moryella indoligenes	371674	Bacteria	Species
Bartonella tamiae	373638	Bacteria	Species
Bacteroides pectinophilus	384638	Bacteria	Species
Bacteroides galacturonicus	384639	Bacteria	Species
Hoylesella timonensis	386414	Bacteria	Species
Mycobacterium seoulense	386911	Bacteria	Species
Mycolicibacter senuensis	386913	Bacteria	Species
Onchocerca flexuosa	387005	Eukarya	Species
Williamsia serinedens	391736	Bacteria	Species
Actinomadura chibensis	392828	Bacteria	Species
Microbacterium pyrexiae	393867	Bacteria	Species
Schistosoma guineensis	393876	Eukarya	Species
Chromobacterium haemolyticum	394935	Bacteria	Species
Corynebacterium hansenii	394964	Bacteria	Species
Paenimyroides ceti	395087	Bacteria	Species
Chitinophaga terrae	398039	Bacteria	Species
Mycobacterium shinjukuense	398694	Bacteria	Species
Streptococcus merionis	400065	Bacteria	Species
Wohlfahrtiimonas chitiniclastica	400946	Bacteria	Species
Corynebacterium ureicelerivorans	401472	Bacteria	Species
Hoylesella pleuritidis	407975	Bacteria	Species
Leptospira wolffii	409998	Bacteria	Species
Peptoniphilus gorbachii	411567	Bacteria	Species
Peptoniphilus olsenii	411570	Bacteria	Species
Anaerococcus murdochii	411577	Bacteria	Species
Cronobacter turicensis	413502	Bacteria	Species
Cronobacter malonaticus	413503	Bacteria	Species
Pseudonocardia carboxydivorans	415010	Bacteria	Species
Asaia lannensis	415421	Bacteria	Species
Prevotella amnii	419005	Bacteria	Species
Alloscardovia omnicolens	419015	Bacteria	Species
Veillonella denticariosi	419208	Bacteria	Species
Brucella haematophila	419474	Bacteria	Species
Brucella pseudogrignonensis	419475	Bacteria	Species
Epilithonimonas hominis	420404	Bacteria	Species
Chryseobacterium oranimense	421058	Bacteria	Species
Veillonella rogosae	423477	Bacteria	Species
Mycobacterium arosiense	425468	Bacteria	Species
Staphylococcus pseudolugdunensis	425474	Bacteria	Species
Hoylesella nanceiensis	425941	Bacteria	Species
Jonquetella anthropi	428712	Bacteria	Species
Mycolicibacterium setense	431269	Bacteria	Species
Segatella maculosa	439703	Bacteria	Species
Paenibacillus provencensis	441151	Bacteria	Species
Corynebacterium timonense	441500	Bacteria	Species
Corynebacterium massiliense	441501	Bacteria	Species
Leptospira licerasiae	447106	Bacteria	Species
Mycolicibacterium conceptionense	451644	Bacteria	Species
Xenophilus aerolatus	452922	Bacteria	Species
Nocardia terpenica	455432	Bacteria	Species
Mycobacterium noviomagense	459858	Bacteria	Species
Enterocloster lavalensis	460384	Bacteria	Species
Actinomyces massiliensis	461393	Bacteria	Species
Microbacterium binotii	462710	Bacteria	Species
Bordetella flabilis	463014	Bacteria	Species
Bordetella bronchialis	463025	Bacteria	Species
Acinetobacter septicus	465797	Bacteria	Species
Lachnoanaerobaculum saburreum	467210	Bacteria	Species
Cladophialophora yegresii	470704	Eukarya	Species
Achromobacter marplatensis	470868	Bacteria	Species
Gordonibacter pamelaeae	471189	Bacteria	Species
Ignatzschineria indica	472583	Bacteria	Species
Pantoea eucrina	472693	Bacteria	Species
Pantoea brenneri	472694	Bacteria	Species
Pantoea septica	472695	Bacteria	Species
Pantoea conspicua	472705	Bacteria	Species
Borreliella americana	478807	Bacteria	Species
Haematomicrobium sanguinis	479106	Bacteria	Species
Brevibacterium ravenspurgense	479117	Bacteria	Species
Paenibacillus konsidensis	479474	Bacteria	Species
Nocardia wallacei	480035	Bacteria	Species
Nocardia blacklockiae	480036	Bacteria	Species
Mycobacterium lepromatosis	480418	Bacteria	Species
Tatumella saanichensis	480813	Bacteria	Species
Burkholderia lata	482957	Bacteria	Species
Cystoisospora suis	483139	Eukarya	Species
Mycobacterium riyadhense	486698	Bacteria	Species
Mycobacterium kyorinense	487514	Bacteria	Species
Burkholderia latens	488446	Bacteria	Species
Burkholderia contaminans	488447	Bacteria	Species
Burkholderia metallica	488729	Bacteria	Species
Burkholderia arboris	488730	Bacteria	Species
Burkholderia seminalis	488731	Bacteria	Species
Burkholderia diffusa	488732	Bacteria	Species
Corynebacterium sputi	489915	Bacteria	Species
Candida auris	498019	Eukarya	Species
Desmospora activa	500615	Bacteria	Species
Porphyromonas bennonis	501496	Bacteria	Species
Gemella asaccharolytica	502393	Bacteria	Species
Halomonas stevensii	502821	Bacteria	Species
Halomonas hamiltonii	502829	Bacteria	Species
Peptoniphilus duerdenii	507750	Bacteria	Species
Peptoniphilus koenoeneniae	507751	Bacteria	Species
Murdochiella asaccharolytica	507844	Bacteria	Species
Nocardia mikamii	508464	Bacteria	Species
Sciscionella marina	508770	Bacteria	Species
Mycolicibacter heraklionensis	512402	Bacteria	Species
Echinococcus canadensis	519352	Eukarya	Species
Kaistella anthropi	520603	Bacteria	Species
Helcobacillus massiliensis	521392	Bacteria	Species
Trichophyton mentagrophytes	523103	Eukarya	Species
Saccharopolyspora rosea	524884	Bacteria	Species
Legionella nagasakiensis	535290	Bacteria	Species
Actinomyces oris	544580	Bacteria	Species
Actinomyces johnsonii	544581	Bacteria	Species
Butyricimonas virosa	544645	Bacteria	Species
Sporothrix brasiliensis	545650	Eukarya	Species
Hafnia paralvei	546367	Bacteria	Species
Leptotrichia hongkongensis	554406	Bacteria	Species
Phocaeicola abscessus	555313	Bacteria	Species
Staphylococcus massiliensis	555791	Bacteria	Species
Propionibacterium acidifaciens	556499	Bacteria	Species
Corynebacterium freiburgense	556548	Bacteria	Species
Delftia lacustris	558537	Bacteria	Species
Mycobacterium mantenii	560555	Bacteria	Species
Mycolicibacterium bacteremicum	564198	Bacteria	Species
Luteibacter anthropi	564369	Bacteria	Species
Desulfovibrio legallii	571438	Bacteria	Species
Encephalitozoon romaleae	571949	Eukarya	Species
Candidatus Bartonella mayotimonensis	572280	Bacteria	Species
Parabacteroides gordonii	574930	Bacteria	Species
Bacillus cytotoxicus	580165	Bacteria	Species
Rhizophagus irregularis	588596	Eukarya	Species
Actinomadura sputi	589159	Bacteria	Species
Prevotella fusca	589436	Bacteria	Species
Prevotella scopos	589437	Bacteria	Species
Mycobacterium paraseoulense	590652	Bacteria	Species
Gleimia hominis	595468	Bacteria	Species
Prevotella aurantiaca	596085	Bacteria	Species
Corynebacterium pyruviciproducens	598660	Bacteria	Species
Malaciobacter mytili	603050	Bacteria	Species
Neisseria wadsworthii	607711	Bacteria	Species
Neisseria shayeganii	607712	Bacteria	Species
Lachnoanaerobaculum umeaense	617123	Bacteria	Species
Negativicoccus succinicivorans	620903	Bacteria	Species
Francisella hispaniensis	622488	Bacteria	Species
Nocardia niwae	626084	Bacteria	Species
Bacteroides fluxus	626930	Bacteria	Species
Alistipes indistinctus	626932	Bacteria	Species
Paenibacillus residui	629724	Bacteria	Species
Kaistella treverensis	631455	Bacteria	Species
Aeromonas sanarellii	633415	Bacteria	Species
Aeromonas taiwanensis	633417	Bacteria	Species
Gongylonema pulchrum	637853	Eukarya	Species
Dysgonomonas hofstadii	637886	Bacteria	Species
Pyramidobacter piscolens	638849	Bacteria	Species
Paenalcaligenes hominis	643674	Bacteria	Species
Paenibacillus sputi	646095	Bacteria	Species
Enterocytozoon hepatopenaei	646526	Eukarya	Species
Agrobacterium pusense	648995	Bacteria	Species
Sphingobacterium hotanense	649196	Bacteria	Species
Fretibacterium fastidiosum	651822	Bacteria	Species
Kocuria salsicia	664639	Bacteria	Species
Mixta calida	665913	Bacteria	Species
Alloprevotella rava	671218	Bacteria	Species
Selenomonas artemidis	671224	Bacteria	Species
Microbacterium yannicii	671622	Bacteria	Species
Bacteroides faecis	674529	Bacteria	Species
Rickettsiella massiliensis	676517	Bacteria	Species
Auritidibacter ignavus	678932	Bacteria	Species
Corynebacterium canis	679663	Bacteria	Species
Streptococcus lactarius	684066	Bacteria	Species
Lichtheimia ramosa	688394	Eukarya	Species
Tissierella carlieri	689904	Bacteria	Species
Mycobacterium bouchedurhonense	701041	Bacteria	Species
Mycobacterium marseillense	701042	Bacteria	Species
Mycobacterium timonense	701043	Bacteria	Species
Myroides phaeus	702745	Bacteria	Species
Tannerella serpentiformis	712710	Bacteria	Species
Trypanosoma melophagium	715481	Eukarya	Species
Anncaliia algerae	723287	Eukarya	Species
Aspergillus fumigatus	746128	Eukarya	Species
Peptoniphilus tyrrelliae	755171	Bacteria	Species
Peptoniphilus coxii	755172	Bacteria	Species
Nocardia amikacinitolerans	756689	Bacteria	Species
Apophysomyces variabilis	760013	Eukarya	Species
Mycobacterium europaeum	761804	Bacteria	Species
Stomatobaculum longum	796942	Bacteria	Species
Psychrobacter sanguinis	861445	Bacteria	Species
Paracidovorax oryzae	862720	Bacteria	Species
Herbaspirillum huttiense	863372	Bacteria	Species
Enterobacter bugandensis	881260	Bacteria	Species
Branchiibius cervicis	908252	Bacteria	Species
Necropsobacter rosorum	908285	Bacteria	Species
Streptococcus hongkongensis	910939	Bacteria	Species
Candidatus Orientia mediorientalis	911112	Bacteria	Species
Mycolicibacterium iranicum	912594	Bacteria	Species
Rhizopus delemar	936053	Eukarya	Species
Fenollaria massiliensis	938288	Bacteria	Species
Massilia oculi	945844	Bacteria	Species
Legionella steelei	947033	Bacteria	Species
Fusarium proliferatum	948311	Eukarya	Species
Fonsecaea multimorphosa	979981	Eukarya	Species
Dietzia aurantiaca	983873	Bacteria	Species
Staphylococcus argenteus	985002	Bacteria	Species
Trichinella patagoniensis	990121	Eukarya	Species
Gordonia iterans	1004901	Bacteria	Species
Borrelia latyschewii	1027767	Bacteria	Species
Campylobacter volucris	1031542	Bacteria	Species
Paracoccidioides lutzii	1048829	Eukarya	Species
Stutzerimonas nosocomialis	1056496	Bacteria	Species
Mycolicibacillus koreensis	1069220	Bacteria	Species
Mycolicibacillus parakoreensis	1069221	Bacteria	Species
Legionella cardiaca	1071983	Bacteria	Species
Streptococcus oralis subsp. tigurinus	1077464	Bacteria	Species
Haemophilus sputorum	1078480	Bacteria	Species
Hungatella effluvii	1096246	Bacteria	Species
Neisseria oralis	1107316	Bacteria	Species
Mycolicibacter longobardus	1108812	Bacteria	Species
Megasphaera vaginalis	1111454	Bacteria	Species
Effusibacillus consociatus	1117041	Bacteria	Species
Elizabethkingia anophelis	1117645	Bacteria	Species
Cruoricaptor ignavus	1118202	Bacteria	Species
Paenibacillus vulneris	1133364	Bacteria	Species
Leptospira mayottensis	1137606	Bacteria	Species
Nocardia arizonensis	1141647	Bacteria	Species
Nocardia vulneris	1141657	Bacteria	Species
Pseudostreptobacillus hongkongensis	1162717	Bacteria	Species
Hazenella coriacea	1179467	Bacteria	Species
Gemella parahaemolysans	1179782	Bacteria	Species
Gemella parahemolysans	1179782	Bacteria	Species
Gemella taiwanensis	1179787	Bacteria	Species
Cladophialophora psammophila	1182553	Eukarya	Species
Myroides injenensis	1183151	Bacteria	Species
Corynebacterium aquatimens	1190508	Bacteria	Species
Brucella inopinata	1218315	Bacteria	Species
Sodalis praecaptivus	1239307	Bacteria	Species
Chryseobacterium bernardetii	1241978	Bacteria	Species
Chryseobacterium nakagawai	1241982	Bacteria	Species
Mycobacterium fragae	1260918	Bacteria	Species
Oscillibacter ruminantium	1263547	Bacteria	Species
Achromobacter insuavis	1287735	Bacteria	Species
Achromobacter aegrifaciens	1287736	Bacteria	Species
Achromobacter anxifer	1287737	Bacteria	Species
Achromobacter dolens	1287738	Bacteria	Species
Actinomyces timonensis	1288391	Bacteria	Species
Corynebacterium pilbarense	1288393	Bacteria	Species
Vibrio injensis	1307414	Bacteria	Species
Bartonella ancashensis	1318743	Bacteria	Species
Brevundimonas vancanneytii	1325724	Bacteria	Species
Canibacter oris	1365628	Bacteria	Species
Mycobacterium paragordonae	1389713	Bacteria	Species
Achromobacter mucicolens	1389922	Bacteria	Species
Achromobacter pulmonis	1389932	Bacteria	Species
Achromobacter animicus	1389935	Bacteria	Species
Atopobium deltae	1393034	Bacteria	Species
Bordetella sputigena	1416810	Bacteria	Species
Eisenbergiella tayi	1432052	Bacteria	Species
Actinotignum sanguinis	1445614	Bacteria	Species
Weeksella massiliensi	1461577	Bacteria	Species
Haemophilus massiliensi	1461579	Bacteria	Species
Klebsiella quasipneumoniae	1463165	Bacteria	Species
Butyricimonas faecihominis	1472416	Bacteria	Species
Oribacterium parvum	1501329	Bacteria	Species
Oribacterium asaccharolyticum	1501332	Bacteria	Species
Burkholderia stagnalis	1503054	Bacteria	Species
Lawsonella clevelandensis	1528099	Bacteria	Species
Acinetobacter seifertii	1530123	Bacteria	Species
Nocardia donostiensis	1538463	Bacteria	Species
Corynebacterium lowii	1544413	Bacteria	Species
Corynebacterium oculi	1544416	Bacteria	Species
Paracoccus sanguinis	1545044	Bacteria	Species
Haematospirillum jordaniae	1549855	Bacteria	Species
Mycolicibacterium grossiae	1552759	Bacteria	Species
Citrobacter pasteurii	1563222	Bacteria	Species
Cutibacterium namnetense	1574624	Bacteria	Species
Leishmania martiniquensis	1580590	Eukarya	Species
Bergeyella cardium	1585976	Bacteria	Species
Borrelia brasiliensis	1653832	Bacteria	Species
Borrelia caucasica	1653833	Bacteria	Species
Borrelia mazzottii	1653837	Bacteria	Species
Borrelia venezuelensis	1653839	Bacteria	Species
Blastomyces percursus	1658174	Eukarya	Species
Dermabacter jinjuensis	1667168	Bacteria	Species
Tsukamurella sinensis	1671022	Bacteria	Species
Tsukamurella hongkongensis	1671023	Bacteria	Species
Peptoniphilus lacydonensis	1673725	Bacteria	Species
Borreliella mayonii	1674146	Bacteria	Species
Blastomyces gilchristii	1681229	Eukarya	Species
Actinomyces urinae	1689268	Bacteria	Species
Thiopseudomonas alkaliphila	1697053	Bacteria	Species
Gordonia hongkongensis	1701090	Bacteria	Species
Hallella colorans	1703337	Bacteria	Species
Anaerococcus nagyae	1755241	Bacteria	Species
Elizabethkingia bruuniana	1756149	Bacteria	Species
Vibrio cidicii	1763883	Bacteria	Species
Sphingobacterium cellulitidis	1768011	Bacteria	Species
Nocardia shinanonensis	1769161	Bacteria	Species
Legionella indianapolisensis	1774113	Bacteria	Species
Eikenella longinqua	1795827	Bacteria	Species
Eikenella halliae	1795832	Bacteria	Species
Mycobacterium mungi	1844474	Bacteria	Species
Scandinavium goeteborgense	1851514	Bacteria	Species
Corynebacterium fournieri	1852390	Bacteria	Species
Collinsella vaginalis	1870987	Bacteria	Species
Pandoraea fibrosis	1891094	Bacteria	Species
Pontibacter altruii	1908342	Bacteria	Species
Neisseria dumasiana	1931275	Bacteria	Species
Chryseobacterium mucoviscidosis	1945581	Bacteria	Species
Emergomyces pasteurianus	1955774	Eukarya	Species
Emergomyces africanus	1955775	Eukarya	Species
Leptospira venezuelensis	1958811	Bacteria	Species
Mycobacteroides abscessus subsp. massiliense	1962118	Bacteria	Species
Saezia sanguinis	1965230	Bacteria	Species
Tsukamurella hominis	1970232	Bacteria	Species
Tsukamurella ocularis	1970234	Bacteria	Species
Emergomyces orientalis	1972497	Eukarya	Species
Vagococcus vulneris	1977869	Bacteria	Species
Staphylococcus cornubiensis	1986155	Bacteria	Species
Corynebacterium dentalis	2014528	Bacteria	Species
Corynebacterium belfantii	2014537	Bacteria	Species
Francisella opportunistica	2016517	Bacteria	Species
Corynebacterium gottingense	2041036	Bacteria	Species
Proteus faecis	2050967	Bacteria	Species
Klebsiella grimontii	2058152	Bacteria	Species
Mycobacterium basiliense	2094119	Bacteria	Species
Pseudoflavitalea muciniphila	2100819	Bacteria	Species
Pseudomonas asiatica	2219225	Bacteria	Species
Leishmania orientalis	2249476	Eukarya	Species
Pseudoxanthomonas winnipegensis	2480810	Bacteria	Species
Enterobacter huaxiensis	2494702	Bacteria	Species
Fusarium odoratissimum	2502994	Eukarya	Species
Campylobacter armoricus	2505970	Bacteria	Species
Prevotella brunnea	2508867	Bacteria	Species
Eikenella exigua	2528037	Bacteria	Species
Kosakonia quasisacchari	2529380	Bacteria	Species
Enterobacter wuhouensis	2529381	Bacteria	Species
Enterobacter quasihormaechei	2529382	Bacteria	Species
Nocardia colli	2545717	Bacteria	Species
Cutibacterium modestum	2559073	Bacteria	Species
Halicephalobus mephisto	2559892	Eukarya	Species
Candidatus Campylobacter infans	2561898	Bacteria	Species
Pseudomonas yangonensis	2579922	Bacteria	Species
Peptoniphilus nemausensis	2582829	Bacteria	Species
Klebsiella pasteurii	2587529	Bacteria	Species
Tsukamurella sputi	2591848	Bacteria	Species
Tsukamurella asaccharolytica	2592067	Bacteria	Species
Tsukamurella conjunctivitidis	2592068	Bacteria	Species
Chitinophaga vietnamensis	2593957	Bacteria	Species
Halicephalobus sp. Nkz332	2598192	Eukarya	Species
Yersinia canariae	2607663	Bacteria	Species
Prevotella vespertina	2608404	Bacteria	Species
Paraclostridium dentum	2662455	Bacteria	Species
Pseudomonas juntendi	2666183	Bacteria	Species
Parabacteroides chongii	2685834	Bacteria	Species
Pneumocystis canis	2698477	Eukarya	Species
Pneumocystis macacae	2698480	Eukarya	Species
Corynebacterium rouxii	2719119	Bacteria	Species
Nocardia barduliensis	2736643	Bacteria	Species
Staphylococcus borealis	2742203	Bacteria	Species
Fusarium vanettenii	2747968	Eukarya	Species
Nocardia gipuzkoensis	2749991	Bacteria	Species
Vibrio sonorensis	1004316	Bacteria	Species
Vibrio mexicanus	1004326	Bacteria	Species
Aeromonas cavernicola	1006623	Bacteria	Species
Vibrio penaeicida	104609	Bacteria	Species
Vibrio penaeicida	104609	Bacteria	Species
Aeromonas bestiarum	105751	Bacteria	Species
Vibrio alfacsensis	1074311	Bacteria	Species
Aeromonas australiensis	1114880	Bacteria	Species
Vibrio aestivus	1117706	Bacteria	Species
Vibrio quintilis	1117707	Bacteria	Species
Bacillus bingmayongensis	1150157	Bacteria	Species
Bacillus xiamenensis	1178537	Bacteria	Species
Bacillus zhangzhouensis	1178540	Bacteria	Species
Vibrio toranzoniae	1194427	Bacteria	Species
Bacillus sonorensis	119858	Bacteria	Species
Bacillus sonorensis	119858	Bacteria	Species
Vibrio marisflavi	1216040	Bacteria	Species
Bacillus abyssalis	1221450	Bacteria	Species
Vibrio thalassae	1243014	Bacteria	Species
Bacillus massiliogorillae	1243664	Bacteria	Species
Vibrio bivalvicida	1276888	Bacteria	Species
Yersinia pekkanenii	1288385	Bacteria	Species
Bacillus solimangrovi	1305675	Bacteria	Species
Vibrio salilacus	1323749	Bacteria	Species
Bacillus australimaris	1326968	Bacteria	Species
Vibrio cortegadensis	1328770	Bacteria	Species
Vibrio madracius	1342818	Bacteria	Species
Enterococcus faecalis	1351	Bacteria	Species
Enterococcus faecium	1352	Bacteria	Species
Enterococcus hirae	1354	Bacteria	Species
Vibrio lentus	136468	Bacteria	Species
Vibrio lentus	136468	Bacteria	Species
Vibrio panuliri	1381081	Bacteria	Species
Bacillus	1386	Bacteria	Genus
Bacillus amyloliquefaciens	1390	Bacteria	Species
Bacillus anthracis	1392	Bacteria	Species
Bacillus cereus	1396	Bacteria	Species
Bacillus cereus	1396	Bacteria	Species
Bacillus cereus	1396	Bacteria	Species
Bacillus cereus	1396	Bacteria	Species
Bacillus cereus	1396	Bacteria	Species
Bacillus cereus	1396	Bacteria	Species
Bacillus cereus	1396	Bacteria	Species
Bacillus cereus	1396	Bacteria	Species
Bacillus cereus	1396	Bacteria	Species
Bacillus cereus	1396	Bacteria	Species
Bacillus cereus	1396	Bacteria	Species
Bacillus cereus	1396	Bacteria	Species
Bacillus cereus	1396	Bacteria	Species
Bacillus cereus	1396	Bacteria	Species
Bacillus canaveralius	1403243	Bacteria	Species
Bacillus mycoides	1405	Bacteria	Species
Bacillus mycoides	1405	Bacteria	Species
Bacillus mycoides	1405	Bacteria	Species
Bacillus pumilus	1408	Bacteria	Species
Bacillus pumilus	1408	Bacteria	Species
Bacillus pumilus	1408	Bacteria	Species
Bacillus campisalis	1408103	Bacteria	Species
Bacillus mannanilyticus	1418	Bacteria	Species
Bacillus subtilis	1423	Bacteria	Species
Vibrio ichthyoenteri	142461	Bacteria	Species
Bacillus thuringiensis	1428	Bacteria	Species
Bacillus thuringiensis	1428	Bacteria	Species
Bacillus thuringiensis	1428	Bacteria	Species
Bacillus thuringiensis	1428	Bacteria	Species
Bacillus thuringiensis	1428	Bacteria	Species
Vibrio tritonius	1435069	Bacteria	Species
Bacillus gobiensis	1441095	Bacteria	Species
Bacillus oleivorans	1448271	Bacteria	Species
Bacillus atrophaeus	1452	Bacteria	Species
Bacillus benzoevorans	1456	Bacteria	Species
Vibrio renipiscarius	1461322	Bacteria	Species
Bacillus lonarensis	1464122	Bacteria	Species
Bacillus massilioanorexius	1468413	Bacteria	Species
Bacillus methanolicus	1471	Bacteria	Species
Bacillus methanolicus	1471	Bacteria	Species
Bacillus smithii	1479	Bacteria	Species
Vibrio metoecus	1481663	Bacteria	Species
Vibrio metoecus	1481663	Bacteria	Species
Vibrio ishigakensis	1481914	Bacteria	Species
Vibrio astriarenae	1481923	Bacteria	Species
Clostridium botulinum	1491	Bacteria	Species
Clostridium botulinum	1491	Bacteria	Species
Clostridium botulinum	1491	Bacteria	Species
Clostridium botulinum	1491	Bacteria	Species
Clostridium botulinum	1491	Bacteria	Species
Bacillus ectoiniformans	1494429	Bacteria	Species
Clostridioides difficile	1496	Bacteria	Species
Clostridioides difficile	1496	Bacteria	Species
Clostridioides difficile	1496	Bacteria	Species
Clostridioides difficile	1496	Bacteria	Species
Bacillus andreraoultii	1499685	Bacteria	Species
Escherichia marmotae	1499973	Bacteria	Species
Sarcina perfringens	1502	Bacteria	Species
Clostridium tetani	1513	Bacteria	Species
Vibrio coralliirubri	1516159	Bacteria	Species
Bacillus kwashiorkori	1522318	Bacteria	Species
Vibrio hyugaensis	1534743	Bacteria	Species
Aeromonas finlandensis	1543375	Bacteria	Species
Bacillus alkalitolerans	1550385	Bacteria	Species
Bacillus toyonensis	155322	Bacteria	Species
Bacillus notoginsengisoli	1578198	Bacteria	Species
Yersinia rochesterensis	1604335	Bacteria	Species
Limosilactobacillus fermentum	1613	Bacteria	Species
Bacillus testis	1622072	Bacteria	Species
Listeria monocytogenes	1639	Bacteria	Species
Listeria monocytogenes	1639	Bacteria	Species
Bacillus maritimus	1643336	Bacteria	Species
Bacillus maritimus	1643336	Bacteria	Species
Bacillus paralicheniformis	1648923	Bacteria	Species
Bacillus shacheensis	1649580	Bacteria	Species
Bacillus glycinifermentans	1664069	Bacteria	Species
Vibrio algivorus	1667024	Bacteria	Species
Vibrio barjaei	1676683	Bacteria	Species
Vibrio neptunius	170651	Bacteria	Species
Vibrio brasiliensis	170652	Bacteria	Species
Vibrio kanaloae	170673	Bacteria	Species
Vibrio pacinii	170674	Bacteria	Species
Vibrio chagasii	170679	Bacteria	Species
Vibrio chagasii	170679	Bacteria	Species
Vibrio hepatarius	171383	Bacteria	Species
Vibrio hepatarius	171383	Bacteria	Species
Vibrio hepatarius	171383	Bacteria	Species
Vibrio profundi	1774960	Bacteria	Species
Bacillus nakamurai	1793963	Bacteria	Species
Bacillus mediterraneensis	1805474	Bacteria	Species
Bacillus massilionigeriensis	1805475	Bacteria	Species
Bacillus mesophilus	1808955	Bacteria	Species
Bacillus tuaregi	1816695	Bacteria	Species
Bacillus marinisedimentorum	1821260	Bacteria	Species
Vibrio japonicus	1824638	Bacteria	Species
Vibrio ruber	184755	Bacteria	Species
Bacillus wiedmannii	1890302	Bacteria	Species
Vibrio aphrogenes	1891186	Bacteria	Species
Bacillus marisflavi	189381	Bacteria	Species
Vibrio coralliilyticus	190893	Bacteria	Species
Vibrio coralliilyticus	190893	Bacteria	Species
Vibrio rotiferianus	190895	Bacteria	Species
Vibrio gallicus	190897	Bacteria	Species
Bacillus alkalicellulosilyticus	1912214	Bacteria	Species
Bacillus zeae	1917180	Bacteria	Species
Vibrio spartinae	1918945	Bacteria	Species
Vibrio palustris	1918946	Bacteria	Species
Bacillus swezeyi	1925020	Bacteria	Species
Bacillus haynesii	1925021	Bacteria	Species
Bacillus marasmi	1926279	Bacteria	Species
Campylobacter coli	195	Bacteria	Species
Campylobacter coli	195	Bacteria	Species
Campylobacter coli	195	Bacteria	Species
Campylobacter jejuni	197	Bacteria	Species
Campylobacter jejuni	197	Bacteria	Species
Campylobacter jejuni	197	Bacteria	Species
Campylobacter jejuni	197	Bacteria	Species
Campylobacter jejuni	197	Bacteria	Species
Vibrio fujianensis	1974215	Bacteria	Species
Bacillus shivajii	1983719	Bacteria	Species
Vibrio superstes	198815	Bacteria	Species
Vibrio pomeroyi	198832	Bacteria	Species
Bacillus paranthracis	2026186	Bacteria	Species
Bacillus tropicus	2026188	Bacteria	Species
Bacillus albus	2026189	Bacteria	Species
Bacillus mobilis	2026190	Bacteria	Species
Bacillus luti	2026191	Bacteria	Species
Bacillus proteolyticus	2026192	Bacteria	Species
Bacillus nitratireducens	2026193	Bacteria	Species
Bacillus paramycoides	2026194	Bacteria	Species
Bacillus fungorum	2039284	Bacteria	Species
Vibrio gangliei	2077090	Bacteria	Species
Bacillus kexueae	2078952	Bacteria	Species
Bacillus acidicola	209389	Bacteria	Species
Helicobacter pylori	210	Bacteria	Species
Helicobacter pylori	210	Bacteria	Species
Helicobacter pylori	210	Bacteria	Species
Helicobacter pylori	210	Bacteria	Species
Helicobacter pylori	210	Bacteria	Species
Helicobacter pylori	210	Bacteria	Species
Helicobacter pylori	210	Bacteria	Species
Helicobacter pylori	210	Bacteria	Species
Helicobacter pylori	210	Bacteria	Species
Helicobacter pylori	210	Bacteria	Species
Vibrio echinoideorum	2100116	Bacteria	Species
Vibrio tasmaniensis	212663	Bacteria	Species
Vibrio tasmaniensis	212663	Bacteria	Species
Vibrio fortis	212667	Bacteria	Species
Vibrio fortis	212667	Bacteria	Species
Bacillus acanthi	2171554	Bacteria	Species
Bacillus vietnamensis	218284	Bacteria	Species
Bacillus vietnamensis	218284	Bacteria	Species
Aeromonas simiae	218936	Bacteria	Species
Vibrio albus	2200953	Bacteria	Species
Vibrio tetraodonis	2231647	Bacteria	Species
Vibrio maerlii	2231648	Bacteria	Species
Vibrio rhodolitus	2231649	Bacteria	Species
Bacillus piezotolerans	2259171	Bacteria	Species
Bacillus tequilensis	227866	Bacteria	Species
Bacillus patagoniensis	228576	Bacteria	Species
Vibrio sinensis	2302434	Bacteria	Species
Bacillus thermozeamaize	230954	Bacteria	Species
Bacillus salacetis	2315464	Bacteria	Species
Bacillus clarus	2338372	Bacteria	Species
Yersinia hibernica	2339259	Bacteria	Species
Vibrio crassostreae	246167	Bacteria	Species
Vibrio crassostreae	246167	Bacteria	Species
Bacillus bogoriensis	246272	Bacteria	Species
Bacillus indicus	246786	Bacteria	Species
Vibrio zhugei	2479546	Bacteria	Species
Bacillus cabrialesii	2487276	Bacteria	Species
Vibrio viridaestus	2487322	Bacteria	Species
Vibrio aquaticus	2496559	Bacteria	Species
Vibrio ouci	2499078	Bacteria	Species
Vibrio ezurae	252583	Bacteria	Species
Vibrio taketomensis	2572923	Bacteria	Species
Bacillus caeni	2574798	Bacteria	Species
Vibrio hibernica	2587465	Bacteria	Species
Vibrio aquimaris	2587862	Bacteria	Species
Bacillus miscanthi	2598861	Bacteria	Species
Bacillus halotolerans	260554	Bacteria	Species
Escherichia ruysiae	2608867	Bacteria	Species
Yersinia aleksiciae	263819	Bacteria	Species
Bacillus tepidiphilus	2652445	Bacteria	Species
Vibrio ponticus	265668	Bacteria	Species
Vibrio algicola	2662262	Bacteria	Species
Bacillus aquiflavi	2672567	Bacteria	Species
Vibrio ziniensis	2711221	Bacteria	Species
Aeromonas molluscorum	271417	Bacteria	Species
Vibrio agarilyticus	2726741	Bacteria	Species
Vibrio marinisediminis	2758441	Bacteria	Species
Escherichia whittamii	2762229	Bacteria	Species
Vibrio bathopelagicus	2777577	Bacteria	Species
Vibrio neonatus	278860	Bacteria	Species
Vibrio nitrifigilis	2789781	Bacteria	Species
Bacillus foraminis	279826	Bacteria	Species
Vibrio ulleungensis	2807619	Bacteria	Species
Bacillus suaedaesalsae	2810349	Bacteria	Species
Vibrio pelagius	28169	Bacteria	Species
Vibrio aestuarianus	28171	Bacteria	Species
Vibrio nigripulchritudo	28173	Bacteria	Species
Vibrio ordalii	28174	Bacteria	Species
Bacillus sanguinis	2817476	Bacteria	Species
Bacillus hominis	2817478	Bacteria	Species
Vibrio orientalis	28175	Bacteria	Species
Bacillus suaedae	2822140	Bacteria	Species
Bacillus koreensis	284581	Bacteria	Species
Bacillus koreensis	284581	Bacteria	Species
Pseudomonas aeruginosa	287	Bacteria	Species
Bacillus rhizoplanae	2880966	Bacteria	Species
Yersinia artesiana	2890315	Bacteria	Species
Yersinia proxima	2890316	Bacteria	Species
Yersinia alsatica	2890317	Bacteria	Species
Yersinia vastinensis	2890318	Bacteria	Species
Yersinia thracica	2890319	Bacteria	Species
Vibrio salinus	2899784	Bacteria	Species
Bacillus oshimensis	290588	Bacteria	Species
Bacillus stratosphericus	293386	Bacteria	Species
Bacillus altitudinis	293387	Bacteria	Species
Yersinia aldovae	29483	Bacteria	Species
Aeromonas enteropelogenes	29489	Bacteria	Species
Vibrio navarrensis	29495	Bacteria	Species
Vibrio splendidus	29497	Bacteria	Species
Vibrio splendidus	29497	Bacteria	Species
Vibrio splendidus	29497	Bacteria	Species
Vibrio splendidus	29497	Bacteria	Species
Vibrio tubiashii	29498	Bacteria	Species
Vibrio tubiashii	29498	Bacteria	Species
Vibrio gigantis	296199	Bacteria	Species
Vibrio europaeus	300876	Bacteria	Species
Bacillus infantis	324767	Bacteria	Species
Bacillus infantis	324767	Bacteria	Species
Bacillus idriensis	324768	Bacteria	Species
Vibrio litoralis	335972	Bacteria	Species
Bacillus kribbensis	356658	Bacteria	Species
Bacillus thermoamylovorans	35841	Bacteria	Species
Yersinia similis	367190	Bacteria	Species
Vibrio sinaloensis	379097	Bacteria	Species
Vibrio sinaloensis	379097	Bacteria	Species
Vibrio sinaloensis	379097	Bacteria	Species
Vibrio rhizosphaerae	398736	Bacteria	Species
Bacillus coahuilensis	408580	Bacteria	Species
Vibrio comitans	413401	Bacteria	Species
Vibrio inusitatus	413402	Bacteria	Species
Vibrio rarus	413403	Bacteria	Species
Yersinia massiliensis	419257	Bacteria	Species
Vibrio porteresiae	435912	Bacteria	Species
Aeromonas bivalvium	440079	Bacteria	Species
Yersinia	444888	Bacteria	Genus
Vibrio celticus	446372	Bacteria	Species
Vibrio artabrorum	446374	Bacteria	Species
Vibrio scophthalmi	45658	Bacteria	Species
Vibrio hangzhouensis	462991	Bacteria	Species
Vibrio mangrovi	474394	Bacteria	Species
Vibrio cyclitrophicus	47951	Bacteria	Species
Vibrio cyclitrophicus	47951	Bacteria	Species
Bacillus inaquosorum	483913	Bacteria	Species
Bacillus velezensis	492670	Bacteria	Species
Aeromonas diversa	502790	Bacteria	Species
Vibrio mytili	50718	Bacteria	Species
Vibrio diabolicus	50719	Bacteria	Species
Vibrio azureus	512649	Bacteria	Species
Vibrio sagamiensis	512650	Bacteria	Species
Vibrio tapetis	52443	Bacteria	Species
Vibrio ostreicida	526588	Bacteria	Species
Bacillus	55087	Bacteria	Genus
Vibrio gallaecicus	552386	Bacteria	Species
Vibrio breoganii	553239	Bacteria	Species
Vibrio atypicus	558271	Bacteria	Species
Aeromonas lacus	558884	Bacteria	Species
Aeromonas aquatica	558964	Bacteria	Species
Escherichia	561	Bacteria	Genus
Bacillus safensis	561879	Bacteria	Species
Bacillus gaemokensis	574375	Bacteria	Species
Bacillus manliponensis	574376	Bacteria	Species
Vibrio galatheae	579748	Bacteria	Species
Bacillus cytotoxicus	580165	Bacteria	Species
Bacillus cytotoxicus	580165	Bacteria	Species
Salmonella	590	Bacteria	Genus
Aeromonas fluvialis	591962	Bacteria	Species
Salmonella arizonae	59203	Bacteria	Species
Salmonella houtenae	59205	Bacteria	Species
Aeromonas piscicola	600645	Bacteria	Species
Vibrio pectenicida	62763	Bacteria	Species
Yersinia	629	Bacteria	Genus
Yersinia enterocolitica	630	Bacteria	Species
Bacillus pseudomycoides	64104	Bacteria	Species
Bacillus pseudomycoides	64104	Bacteria	Species
Bacillus pseudomycoides	64104	Bacteria	Species
Aeromonas	642	Bacteria	Genus
Aeromonas rivuli	648794	Bacteria	Species
Aeromonas eucrenophila	649	Bacteria	Species
Aeromonas media	651	Bacteria	Species
Aeromonas veronii	654	Bacteria	Species
Vibrio hippocampi	654686	Bacteria	Species
Aeromonas allosaccharophila	656	Bacteria	Species
Bacillus bombysepticus	658666	Bacteria	Species
Bacillus siamensis	659243	Bacteria	Species
Vibrio stylophorae	659351	Bacteria	Species
Vibrio	662	Bacteria	Genus
Vibrio plantisponsor	664643	Bacteria	Species
Vibrio proteolyticus	671	Bacteria	Species
Bacillus deserti	673318	Bacteria	Species
Bacillus deserti	673318	Bacteria	Species
Vibrio casei	673372	Bacteria	Species
Vibrio cincinnatiensis	675	Bacteria	Species
Vibrio campbellii	680	Bacteria	Species
Bacillus luteolus	682179	Bacteria	Species
Vibrio diazotrophicus	685	Bacteria	Species
Yersinia nurmii	685706	Bacteria	Species
Vibrio gazogenes	687	Bacteria	Species
Vibrio gazogenes	687	Bacteria	Species
Vibrio mediterranei	689	Bacteria	Species
Vibrio natriegens	691	Bacteria	Species
Vibrio nereis	693	Bacteria	Species
Vibrio atlanticus	693153	Bacteria	Species
Vibrio owensii	696485	Bacteria	Species
Vibrio caribbeanicus	701175	Bacteria	Species
Aeromonas popoffii	70856	Bacteria	Species
Vibrio halioticoli	71388	Bacteria	Species
Bacillus mojavensis	72360	Bacteria	Species
Bacillus vallismortis	72361	Bacteria	Species
Aeromonas encheleia	73010	Bacteria	Species
Vibrio rumoiensis	76258	Bacteria	Species
Vibrio rumoiensis	76258	Bacteria	Species
Vibrio jasicida	766224	Bacteria	Species
Bacillus xiaoxiensis	766895	Bacteria	Species
Bacillus clausii	79880	Bacteria	Species
Bacillus clausii	79880	Bacteria	Species
Vibrio xiamenensis	861298	Bacteria	Species
Bacillus rhizosphaerae	866786	Bacteria	Species
Vibrio aerogenes	92172	Bacteria	Species
Bacillus persicus	930146	Bacteria	Species
Aeromonas lusitana	931529	Bacteria	Species
Yersinia entomophaga	935293	Bacteria	Species
Aeromonas rivipollensis	948519	Bacteria	Species
Bacillus spizizenii	96241	Bacteria	Species
Vibrio maritimus	990268	Bacteria	Species
Vibrio maritimus	990268	Bacteria	Species
Vibrio maritimus	990268	Bacteria	Species
Vibrio variabilis	990271	Bacteria	Species
Bacillus pakistanensis	992288	Bacteria	Species
